"Gene ID","Gene Name","Gene Description",FC(M10/M5),Log2FC(M10/M5),Pvalue,Padjust,Significant,Regulate,M10_1,M10_2,M10_3,M5_1,M5_2,M5_3,M10,M5
EVM0000139,,-,0.105807604559,-3.24048477495,0.00034499407845,0.0186078306113,yes,down,1.66,0.47,0.39,3.05,7.9,6.82,0.84,5.92333333333
EVM0000162,,-,0.165324213755,-2.59663005443,0.000880921040067,0.0346817113122,yes,down,1.37,1.89,1.6,11.7,11.65,2.01,1.62,8.45333333333
EVM0000186,,-,56.004943791,5.80748228041,0.00129407216226,0.0442693058299,yes,up,2.61,0.73,4.45,0,0,0,2.59666666667,0
EVM0000243,,-,25.2486377884,4.65813364873,0.000179155217056,0.0124005403921,yes,up,17.54,4.41,5.81,0.59,0,0.28,9.25333333333,0.29
EVM0000272,,-,0.0403842292495,-4.63006418456,1.42446439125E-6,0.000397401005428,yes,down,0,0.59,0.94,5.67,23.96,3.85,0.51,11.16
EVM0000274,,-,0.255753024538,-1.96717679349,8.34204442651E-5,0.00729635788461,yes,down,134.67,59.57,79.87,388.19,321.5,175.86,91.37,295.183333333
EVM0000288,,-,4.44246331225,2.15135986191,0.00035772883138,0.0191036640943,yes,up,91.64,222.15,223.02,32.28,17.98,53.64,178.936666667,34.6333333333
EVM0000343,,-,4.87121710026,2.2842822826,0.00091601103157,0.0358018707774,yes,up,7.74,6.29,7.46,0.8,0.5,2.34,7.16333333333,1.21333333333
EVM0000385,,-,11.502227994,3.52384143471,0.000790816283915,0.0319904957251,yes,up,1.95,3.59,3,0,0.08,0.54,2.84666666667,0.206666666667
EVM0000473,,-,0.211899793398,-2.2385459138,0.000495189855093,0.0232251218703,yes,down,10.81,3.87,2.71,15.85,31.44,17.58,5.79666666667,21.6233333333
EVM0000508,,-,7.89407850834,2.98077086722,0.0013433187899,0.0448041102919,yes,up,33.04,45.25,3.66,7.03,1.26,0.65,27.3166666667,2.98
EVM0000706,,-,9.56512365164,3.25778361891,0.000537829544519,0.0243089940219,yes,up,75.11,19.19,106.13,10.48,0,8.15,66.81,6.21
EVM0000740,,-,0.0402421289752,-4.63514955807,0.000636505454067,0.0273917413624,yes,down,0,0.24,0,3.02,2.57,0.25,0.08,1.94666666667
EVM0000791,,-,6.85392553147,2.77693051693,6.63552163257E-5,0.00620632228535,yes,up,9.41,10.4,17.11,3,1.01,0.63,12.3066666667,1.54666666667
EVM0000887,,-,0.215190135332,-2.21631615098,0.000803363056789,0.0322561231313,yes,down,11.25,6.87,7.52,50.59,40.79,8.27,8.54666666667,33.2166666667
EVM0000921,,-,0.182083013051,-2.45733175868,0.000590942165031,0.0262779665641,yes,down,10.09,4.66,6.51,49.19,41.76,5.79,7.08666666667,32.2466666667
EVM0000948,,-,0.166501843949,-2.58638994017,0.000194458458547,0.0129257842492,yes,down,8.76,2.92,1.43,32.62,21.21,9.69,4.37,21.1733333333
EVM0000972,,-,9.72748401508,3.28206670446,6.41198931477E-5,0.00606739176037,yes,up,26.86,11.02,32.39,0.48,0.79,4.6,23.4233333333,1.95666666667
EVM0001082,,-,0.232639883989,-2.10382963995,1.2373013451E-5,0.0018537752838,yes,down,7.18,5.73,7.37,36.28,19.4,17.75,6.76,24.4766666667
EVM0001157,,-,6.11438873517,2.61220827752,0.000250428282114,0.0150080741959,yes,up,28.86,5.28,13.78,1.15,1.39,3.69,15.9733333333,2.07666666667
EVM0001197,,-,0.164407632471,-2.60465081854,0.00105890661703,0.0392985503903,yes,down,100.34,201.82,82.61,94.79,1057.67,857.54,128.256666667,670
EVM0001210,,-,0.183950050222,-2.44261402469,0.00131546762188,0.0447176083816,yes,down,23.63,19.6,22.3,29.64,226.11,33.81,21.8433333333,96.52
EVM0001227,,-,0.122892983068,-3.02452555169,4.24019392758E-7,0.000145979953068,yes,down,7.61,4.09,5.77,17.83,38.17,59.63,5.82333333333,38.5433333333
EVM0001239,,-,0.249751423782,-2.00143519234,0.000311391741235,0.0176175865907,yes,down,37.84,14.74,12.96,97.18,73.25,43.32,21.8466666667,71.25
EVM0001324,,-,0.284736427152,-1.81230102187,9.80573175028E-6,0.00158384752693,yes,down,1239.54,963.15,1067.52,2569.84,3225.51,3688.63,1090.07,3161.32666667
EVM0001383,,-,7.46766541826,2.90065729042,9.11384487657E-6,0.00150480738722,yes,up,709.66,1169.59,232.13,99.77,104,43.47,703.793333333,82.4133333333
EVM0001402,,-,7.16639566105,2.84124769782,0.000879579325397,0.0346817113122,yes,up,436.61,200.08,129.85,13.03,73.49,7.71,255.513333333,31.41
EVM0001486,,-,0.036265228099,-4.78526926666,1.52140993801E-6,0.000417253122151,yes,down,2.26,0.48,0,5.36,18.65,31.02,0.913333333333,18.3433333333
EVM0001534,,-,0.205881038108,-2.28011713275,0.000823425132034,0.0329798070828,yes,down,99.25,25.52,27.55,163.03,339.4,86.07,50.7733333333,196.166666667
EVM0001599,,-,0.198563044922,-2.33233095072,7.70613572052E-5,0.0069273878941,yes,down,15.56,8.61,17.6,41.19,88.9,47.75,13.9233333333,59.28
EVM0001670,,-,4.9919052033,2.31959053756,0.00069397622159,0.0290208256161,yes,up,13.34,5.41,20.33,3.75,1.8,1.05,13.0266666667,2.2
EVM0001698,,-,0.185215794532,-2.43272096324,0.000137198113238,0.0104225477479,yes,down,19.33,14.22,11.09,87.01,95.91,20.8,14.88,67.9066666667
EVM0001733,,-,63.4451492579,5.98743796094,0.000504184140536,0.0233984835866,yes,up,0.86,2.12,0.86,0,0,0,1.28,0
EVM0001822,,-,13.1878383229,3.72113620031,3.18729294723E-6,0.000706487495605,yes,up,5.94,11.96,13.59,0.94,0.17,0.93,10.4966666667,0.68
EVM0001848,,-,4.82038703662,2.26914898741,8.95259044946E-5,0.00767049957516,yes,up,2356.84,2275.2,1045.58,434.48,434.86,137.83,1892.54,335.723333333
EVM0001894,,-,0.295012514703,-1.76115193866,0.00154588467544,0.0483829012249,yes,down,90.14,51.05,57.49,277.23,210.76,75.63,66.2266666667,187.873333333
EVM0001937,,-,11.7741823665,3.55755497326,4.20315410766E-5,0.00453629302845,yes,up,173.59,141.07,16.34,14.22,8.36,1.4,110.333333333,7.99333333333
EVM0002038,,-,4.93500486513,2.30305150695,0.000194913253619,0.0129257842492,yes,up,16.99,33.17,22,2.24,3.56,6.56,24.0533333333,4.12
EVM0002140,,-,7.92102031836,2.98568627796,1.26326059651E-5,0.00185825633747,yes,up,39.17,13.17,8.5,3.41,1.8,1.08,20.28,2.09666666667
EVM0002207,,-,0.155090827046,-2.68881473519,0.000775709525159,0.0314580346531,yes,down,2.21,8.61,9.25,58.12,51.68,11.66,6.69,40.4866666667
EVM0002256,,-,9.36427270956,3.22716694972,0.000448797800892,0.021873485591,yes,up,6.27,15.2,9.31,0.11,0.42,2.23,10.26,0.92
EVM0002283,,-,4.95659839865,2.30935037123,0.000470351569018,0.0225610349798,yes,up,5371.25,3605.52,1670.24,434.46,1226.61,294.27,3549.00333333,651.78
EVM0002308,,-,0.019084234444,-5.71147487516,5.0078144878E-8,2.79418780094E-5,yes,down,0.93,0.35,0.39,2.85,14.86,49.58,0.556666666667,22.43
EVM0002315,,-,0.263212812538,-1.92569837734,0.000677095401144,0.0288317912787,yes,down,54.45,54.41,40.5,221.52,196.2,57.38,49.7866666667,158.366666667
EVM0002354,,-,0.195726482945,-2.35308912059,0.000239262109163,0.014799284523,yes,down,1.5,2.44,1.83,6.36,13.74,4.81,1.92333333333,8.30333333333
EVM0002385,,-,8.63281757275,3.10983150202,8.13256018013E-5,0.0072303822129,yes,up,555.55,924.3,393.44,161.43,80.29,10.41,624.43,84.0433333333
EVM0002481,,-,0.188958430883,-2.40385920518,0.000117181869057,0.00922308004589,yes,down,90.07,41.09,50.02,360.48,370.06,81.76,60.3933333333,270.766666667
EVM0002589,,-,0.0499474160841,-4.32344614437,5.35566417359E-6,0.00106987656781,yes,down,1.83,0.25,0.84,1.9,8.96,34.83,0.973333333333,15.23
EVM0002605,,-,0.042267646535,-4.56430240451,0.000320614705668,0.0179268732722,yes,down,0.23,0.25,0.17,0.14,0.89,11.68,0.216666666667,4.23666666667
EVM0002652,,-,0.378408650703,-1.40198302475,0.000921048073318,0.0359119972876,yes,down,73.56,50.18,55.71,130.09,157.39,106.09,59.8166666667,131.19
EVM0003067,,-,109.151110963,6.77018300424,8.36050849334E-6,0.00147044986881,yes,up,1.14,0.7,0.63,0,0,0,0.823333333333,0
EVM0003086,,-,0.122663441828,-3.02722275748,0.000142338120884,0.0106985530773,yes,down,43.71,4.51,37.42,387.68,73.02,123.65,28.5466666667,194.783333333
EVM0003116,,-,0.0895164237218,-3.48170378954,4.85552682356E-5,0.00487995525044,yes,down,14.56,14.1,8.1,27.38,88.87,241.66,12.2533333333,119.303333333
EVM0003119,,-,16.8690305905,4.0763051638,6.44352304268E-6,0.00119842122246,yes,up,5.27,6.3,14.49,0.71,0,0.59,8.68666666667,0.433333333333
EVM0003198,,-,0.0961319899639,-3.37883959143,0.000933525109135,0.0361931533656,yes,down,1.02,0.79,0.57,1.65,18.12,1.44,0.793333333333,7.07
EVM0003211,,-,8.82924221801,3.14228962188,2.64286283325E-6,0.000602312162041,yes,up,19.78,13.04,6.91,1.26,0.62,1.86,13.2433333333,1.24666666667
EVM0003253,,-,0.231866551074,-2.10863338219,0.000193987903697,0.0129257842492,yes,down,21.24,8.09,14.09,61.61,24.9,68.16,14.4733333333,51.5566666667
EVM0003341,,-,0.192763199619,-2.37509844163,0.00143743111778,0.0464252952431,yes,down,1.7,4.93,4.02,24.89,18.86,5.91,3.55,16.5533333333
EVM0003496,,-,0.330916529835,-1.5954607364,0.000825568094926,0.032983993442,yes,down,39.22,21.18,22.96,83.28,79.84,44.43,27.7866666667,69.1833333333
EVM0003527,,-,6.25519562916,2.6450550049,3.42607078657E-5,0.00379707201352,yes,up,69.96,97.46,50.77,4.17,6.48,18.25,72.73,9.63333333333
EVM0003567,,-,18.7715611943,4.23047673619,9.15646183001E-7,0.00027353011865,yes,up,4.91,5.29,1.1,0.21,0.11,0.17,3.76666666667,0.163333333333
EVM0003632,,-,6.89350955647,2.78523866081,0.00063047576713,0.0272773486308,yes,up,5.84,3.19,7.22,0.89,0.31,0.75,5.41666666667,0.65
EVM0003746,,-,9.67214709804,3.27383618586,0.000263970099727,0.0156457882186,yes,up,12.42,22.78,21.7,0.6,0.24,4.08,18.9666666667,1.64
EVM0003861,,-,19.1965116124,4.2627722633,0.00106940573667,0.0393930470418,yes,up,1.34,1.32,1.1,0.13,0,0,1.25333333333,0.0433333333333
EVM0003938,,-,0.288263363051,-1.79454060632,1.3010679388E-5,0.00189662885745,yes,down,2493.54,1621.61,2401.83,6637.69,7234.03,5468.35,2172.32666667,6446.69
EVM0003961,,-,6.46595392408,2.69286322696,0.000166719750083,0.0119366914872,yes,up,8.68,8.7,4.26,0.3,0.9,1.55,7.21333333333,0.916666666667
EVM0004014,,-,5.39735416869,2.43225235854,0.00018086196975,0.0124005403921,yes,up,600.03,212.41,163.37,81.31,49.03,18.88,325.27,49.74
EVM0004115,,-,4.88369898394,2.28797427982,0.00047022817405,0.0225610349798,yes,up,23.5,16.95,11.55,1.96,3.57,3.32,17.3333333333,2.95
EVM0004188,,-,6.01683904059,2.58900576304,5.00653274501E-6,0.00102545197908,yes,up,61.93,27.08,31.53,4.27,4.19,7.87,40.18,5.44333333333
EVM0004195,,-,0.242919713822,-2.04144852019,7.38836938779E-5,0.00667883827172,yes,down,30.03,24.01,35.85,60.74,108.21,139.23,29.9633333333,102.726666667
EVM0004229,,-,0.208635899254,-2.26094067615,0.00124822872952,0.0435891498262,yes,down,18.04,40.94,15.12,44.93,184.46,74.47,24.7,101.286666667
EVM0004265,,-,0.249057081873,-2.00545166064,0.000199133194501,0.0130982691879,yes,down,43.77,50.27,37.42,163.63,214.31,70.54,43.82,149.493333333
EVM0004312,,-,10.9309565036,3.45034774317,4.79259283105E-5,0.00486170220314,yes,up,10.65,4.63,22.54,1.39,0.12,1.4,12.6066666667,0.97
EVM0004422,,-,0.271937543694,-1.87865275131,0.00118668446879,0.0422945845585,yes,down,249.6,114.73,85.92,482.07,646.47,219.33,150.083333333,449.29
EVM0004428,,-,0.311661727747,-1.68194709289,0.00121432234071,0.0427092105112,yes,down,32.3,47.2,46.51,124.1,156.75,66.21,42.0033333333,115.686666667
EVM0004429,,-,0.320012493257,-1.643799866,0.000756772857367,0.0309225798107,yes,down,194.37,88.68,86.11,354.03,365.65,225.27,123.053333333,314.983333333
EVM0004488,,-,0.245704562041,-2.02500345016,0.00161268393733,0.0494220431628,yes,down,697.83,1721.74,2734.47,3397.19,6650.34,8301.25,1718.01333333,6116.26
EVM0004662,,-,0.314985985617,-1.66664045336,8.22628735845E-5,0.00725451438707,yes,down,126.22,74.38,118.48,285.39,307.34,252.66,106.36,281.796666667
EVM0004766,,-,13.905852417,3.79762027826,0.00040566697954,0.0207416742098,yes,up,212.74,66.52,10.34,8.98,8.16,0,96.5333333333,5.71333333333
EVM0004773,,-,3.75018134352,1.90696036016,0.000377103948977,0.0199292688466,yes,up,106.48,47.16,135.75,26.12,14.35,24.05,96.4633333333,21.5066666667
EVM0004943,,-,76.9375387445,6.265615773,0.000155434009675,0.0112783753836,yes,up,0.95,2.73,2.88,0,0,0,2.18666666667,0
EVM0004966,,-,0.312338070643,-1.67881966584,4.44077309812E-5,0.00469648035952,yes,down,76.67,54.33,64.06,161.47,200.5,157.57,65.02,173.18
EVM0004996,,-,0.202041532397,-2.30727620575,0.00106982481045,0.0393930470418,yes,down,9.15,13.12,5.49,34.11,70.56,9.86,9.25333333333,38.1766666667
EVM0005013,,-,0.282563551837,-1.82335271193,1.0238537759E-5,0.0016242135243,yes,down,42.83,31.3,47.72,113.87,126.7,117.37,40.6166666667,119.313333333
EVM0005064,,-,7.76754202998,2.95745814276,0.000208523302704,0.0135506649038,yes,up,27.18,38.81,4.55,4.85,1.78,1.14,23.5133333333,2.59
EVM0005071,,-,9.9004152345,3.30748903471,1.17820567876E-7,5.29570724668E-5,yes,up,36.2,32.47,38.56,2.93,0.88,5.18,35.7433333333,2.99666666667
EVM0005074,,-,0.0996053925221,-3.32763233951,5.66247512082E-6,0.00109076797536,yes,down,3.82,0.89,0.58,23.56,10.46,8.28,1.76333333333,14.1
EVM0005079,,-,0.196625414469,-2.34647828817,1.86298109341E-5,0.00245080464003,yes,down,210.04,88.03,112.01,681.45,771.62,274.55,136.693333333,575.873333333
EVM0005111,,-,9.3386500065,3.22321400928,5.23520731108E-5,0.00514855276894,yes,up,2525.73,3005.68,495.37,419.68,97.36,55.86,2008.92666667,190.966666667
EVM0005183,,-,11.5142979487,3.5253545445,7.6945006553E-6,0.00136818368246,yes,up,1252.99,1548.29,279.91,169.53,48.06,20.14,1027.06333333,79.2433333333
EVM0005196,,-,32.9423232424,5.04187039895,2.21677554666E-7,8.96741128013E-5,yes,up,12.92,8.75,0.79,0.28,0.21,0.11,7.48666666667,0.2
EVM0005484,,-,0.259594633803,-1.94566753384,0.00151481791916,0.048101274621,yes,down,97.27,27.19,43.69,252.44,205.86,75.78,56.05,178.026666667
EVM0005529,,-,9.3193609763,3.22023103343,0.000440299754997,0.0215893646533,yes,up,2.2,5.08,1.71,0.06,0.29,0.46,2.99666666667,0.27
EVM0005639,,-,6.18976321726,2.62988422175,0.0012542943034,0.0436025068774,yes,up,4.88,4.78,8.68,0.29,0.36,1.8,6.11333333333,0.816666666667
EVM0005654,,-,0.30100155806,-1.73215714013,0.00117354312016,0.0420112859012,yes,down,72.66,58.7,67.4,243.11,232.97,76.78,66.2533333333,184.286666667
EVM0005668,,-,8.28941694744,3.05127063048,0.00138405113026,0.0454266355756,yes,up,5.38,2.47,15.75,0.97,0.71,0.76,7.86666666667,0.813333333333
EVM0005680,,-,3.27674117261,1.71226171996,0.000245834056693,0.014898280417,yes,up,9.83,9.34,7.58,2.54,1.72,2.55,8.91666666667,2.27
EVM0005725,,-,6.80948670275,2.76754605238,5.58639658202E-5,0.00541278341879,yes,up,546.3,720.08,132.92,62.91,84.04,24.71,466.433333333,57.22
EVM0005744,,-,5.27571898226,2.39936771969,1.93371030522E-7,8.02291447404E-5,yes,up,11.77,10.96,12.06,1.41,1.54,2.51,11.5966666667,1.82
EVM0005851,,-,6.50281229806,2.70106378137,7.29025488975E-7,0.000231301204649,yes,up,28.95,53.11,35.04,4.79,4.78,5.92,39.0333333333,5.16333333333
EVM0005892,,-,4.01685548207,2.00606655721,0.000479806813877,0.0227500542454,yes,up,16.79,11.99,8.19,2.99,1.3,3.35,12.3233333333,2.54666666667
EVM0005903,,-,0.267903830814,-1.90021288415,0.00124994533832,0.0435891498262,yes,down,14.44,15.51,12.32,46.89,68.21,18.3,14.09,44.4666666667
EVM0005938,,-,6.38763071001,2.6752809082,0.00023228274479,0.0146927002879,yes,up,3.61,4.32,4.74,0.43,0.2,1,4.22333333333,0.543333333333
EVM0005943,,-,9.73092227209,3.28257654646,0.000109808803838,0.00883988186523,yes,up,18.4,6.01,20.23,0.62,0.19,2.91,14.88,1.24
EVM0006132,,-,0.192733013071,-2.3753243841,0.00115609997149,0.0414786111723,yes,down,10.99,5.29,6.69,49.48,43.87,4.98,7.65666666667,32.7766666667
EVM0006217,,-,0.0822221524312,-3.60432905016,0.000145101810177,0.0107753108972,yes,down,1.24,1.11,0.71,2.25,2.78,25.58,1.02,10.2033333333
EVM0006259,,-,12.0220548164,3.58761159827,0.000431751672247,0.0214299810081,yes,up,1.85,4.29,1.68,0,0.13,0.42,2.60666666667,0.183333333333
EVM0006278,,-,0.210156000789,-2.25046744313,0.00128379561567,0.0440107984262,yes,down,94,35.35,47.09,331.58,314.23,46.46,58.8133333333,230.756666667
EVM0006426,,-,3.51787620694,1.81470471568,0.00107829845008,0.0395645061693,yes,up,315.26,386.63,594.25,52.83,123.69,132.33,432.046666667,102.95
EVM0006436,,-,0.250470866918,-1.99728528627,0.000711470040608,0.0292933758959,yes,down,4.42,6,6.17,22.16,25.98,8.3,5.53,18.8133333333
EVM0006444,,-,0.22146366228,-2.17485809385,0.00152988021605,0.0481820676264,yes,down,74.97,15.94,11.82,85.3,116.78,162.54,34.2433333333,121.54
EVM0006449,,-,4.84469429232,2.27640563223,0.000692706532365,0.0290208256161,yes,up,72.02,37.77,115.07,15.91,3.68,19.37,74.9533333333,12.9866666667
EVM0006483,,-,0.110955461883,-3.17194740764,2.29979399867E-7,9.07633333964E-5,yes,down,7.31,4.71,3.12,23.79,63.75,23.06,5.04666666667,36.8666666667
EVM0006589,,-,0.110260054431,-3.18101787614,9.00682849812E-5,0.00767049957516,yes,down,6.53,5.47,1.19,16.03,70.69,9.94,4.39666666667,32.22
EVM0006629,,-,0.15731102705,-2.66830829182,0.000236678717993,0.014729608984,yes,down,7.61,2.71,3.47,11.45,14.75,43.37,4.59666666667,23.19
EVM0006655,,-,4.15640783153,2.05533722009,0.000492970269303,0.0231882323476,yes,up,7.65,7.01,9.56,1.57,0.89,2.41,8.07333333333,1.62333333333
EVM0006707,,-,0.226878066229,-2.1400109538,0.00153658684368,0.0481851002278,yes,down,14.38,18.61,6.85,30.6,89.85,27.08,13.28,49.1766666667
EVM0006803,,-,0.25208625222,-1.98801065339,0.00143433712567,0.0464252952431,yes,down,16.97,17,18.16,84.95,73.86,15.49,17.3766666667,58.1
EVM0006890,,-,23.893282715,4.57853317519,2.15687829248E-5,0.00272690839288,yes,up,1.73,5.26,2.68,0,0.3,0.06,3.22333333333,0.12
EVM0006911,,-,4.59998543176,2.20162929213,0.000247058263087,0.0149084680342,yes,up,40.21,24.76,22.69,2.02,5.09,8.33,29.22,5.14666666667
EVM0006928,,-,25.975387769,4.69907338119,5.17000218834E-7,0.000174282927937,yes,up,13.96,2.72,17.13,0.39,0.16,0.5,11.27,0.35
EVM0006969,,-,6.61352125155,2.72541861356,2.0248806496E-5,0.0026211675033,yes,up,39.41,9.81,12.86,1.98,2.17,3.33,20.6933333333,2.49333333333
EVM0007092,,-,0.227506895757,-2.13601782068,0.000351810811732,0.0189124609456,yes,down,51.72,29.05,34.31,202.94,172.61,44.84,38.36,140.13
EVM0007101,,-,0.0100966463027,-6.62998002213,0.000152030958364,0.0111692106033,yes,down,0,0,0,0.49,0.41,3.42,0,1.44
EVM0007145,,-,0.0208135241271,-5.5863349282,0.00120060863828,0.0425099526826,yes,down,0,0.23,0,1.04,10.06,1.5,0.0766666666667,4.2
EVM0007150,,-,0.0805952149832,-3.6331620027,0.000102092163192,0.00847155534674,yes,down,3.27,1.17,3.71,70.36,14.5,3.03,2.71666666667,29.2966666667
EVM0007160,,-,0.207114057379,-2.27150261848,0.00159495333338,0.0492525959386,yes,down,15.58,5.03,7.17,58.71,43.72,7.32,9.26,36.5833333333
EVM0007256,,-,0.235583729552,-2.08568819114,0.000978042710387,0.0371495518703,yes,down,12.65,8.81,6.16,27.33,55.7,13.18,9.20666666667,32.07
EVM0007285,,-,9.55990857216,3.25699682081,5.28187231718E-5,0.00514855276894,yes,up,83.78,20.65,99.66,5.35,0.93,11.33,68.03,5.87
EVM0007307,,-,4.70712249288,2.23484539659,0.000324657159402,0.0180524999872,yes,up,15.95,15.77,8.26,3.01,0.88,3.2,13.3266666667,2.36333333333
EVM0007320,,-,0.207586854603,-2.26821300668,0.00129864010908,0.0443318472679,yes,down,3.44,2.13,2.56,5.29,4.55,21.98,2.71,10.6066666667
EVM0007335,,-,0.212556641204,-2.23408075907,0.00102896528747,0.0385409428625,yes,down,50.55,19.37,28.68,118.55,223.85,33.29,32.8666666667,125.23
EVM0007438,,-,0.136911029275,-2.86868942303,1.25164675239E-9,1.26580600628E-6,yes,down,8.96,4.05,5.53,41.34,34.56,35.23,6.18,37.0433333333
EVM0007476,,-,7.62096959303,2.92997455914,2.21438346788E-6,0.000542893013541,yes,up,4349.96,3642.66,1485.5,222.49,639.34,278.48,3159.37333333,380.103333333
EVM0007580,,-,0.00787305005116,-6.9888616348,1.31470786025E-5,0.00189940070417,yes,down,0.15,0,0,0.46,2.15,9.37,0.05,3.99333333333
EVM0007597,,-,15.3802055241,3.9430028769,1.57528212819E-10,2.54896401162E-7,yes,up,8.97,10.2,15.62,0.7,0.26,0.94,11.5966666667,0.633333333333
EVM0007608,,-,6.62322921241,2.72753478695,1.66223645514E-5,0.00226022252778,yes,up,14.44,9.58,6.98,0.63,1.15,1.97,10.3333333333,1.25
EVM0007637,,-,0.202505023393,-2.30397039857,0.00068784036707,0.0290208256161,yes,down,11.46,6.27,4.01,42.99,36.11,9.14,7.24666666667,29.4133333333
EVM0007674,,-,0.00840082573347,-6.89525314451,1.39891935613E-8,8.38367188947E-6,yes,down,0.41,0.12,0.13,0.75,31.82,25.64,0.22,19.4033333333
EVM0007697,,-,0.253824827574,-1.9780949033,0.00140859807009,0.0459975439648,yes,down,57.7,30.25,30.14,177.7,170.95,39.9,39.3633333333,129.516666667
EVM0007766,,-,0.0836547709458,-3.5794083683,0.00159497931351,0.0492525959386,yes,down,1.71,0,0.22,2.08,11.6,3.04,0.643333333333,5.57333333333
EVM0007906,,-,23.5943490801,4.5603694659,5.63739606031E-8,2.85058455162E-5,yes,up,10.1,45.63,25.06,0.12,1.05,1.76,26.93,0.976666666667
EVM0007990,,-,0.21543304129,-2.21468855973,5.00034789823E-5,0.00499448329267,yes,down,12.93,12.66,17.64,82.83,61.97,26.35,14.41,57.05
EVM0008092,,-,5.94833108334,2.57248494985,0.00158438717239,0.0492072338512,yes,up,1201.34,1690.84,239.47,295.03,127.73,30.5,1043.88333333,151.086666667
EVM0008099,,-,0.243944324786,-2.03537617464,0.000338501094031,0.0184403909737,yes,down,17.59,15.29,22.07,92.68,73.25,24.45,18.3166666667,63.46
EVM0008131,,-,0.134671710956,-2.89248126376,9.07137842269E-6,0.00150480738722,yes,down,18.75,13.81,9.09,66.23,156.64,31.58,13.8833333333,84.8166666667
EVM0008215,,-,0.0610795028429,-4.03316787042,2.62103300823E-5,0.00307807710624,yes,down,7.3,3.49,6.33,195.88,41.45,2.88,5.70666666667,80.07
EVM0008281,,-,0.255346843973,-1.9694698671,3.35165916532E-5,0.00376619423292,yes,down,129.16,185.23,236.56,490.49,638.64,695.31,183.65,608.146666667
EVM0008331,,-,0.336161375976,-1.57277412251,0.000793643327789,0.0320069712623,yes,down,23.82,24.73,19.83,65.97,68.8,36.72,22.7933333333,57.1633333333
EVM0008436,,-,0.110024665337,-3.18410111141,2.51678503327E-6,0.000591857386075,yes,down,3.52,2.16,0.68,16.1,10.18,20.91,2.12,15.73
EVM0008444,,-,216.99620485,7.76152600069,5.34692677667E-8,2.85058455162E-5,yes,up,2.24,3.97,4.54,0,0,0,3.58333333333,0
EVM0008507,,-,0.223992797281,-2.1584757532,0.000379593566665,0.019942219163,yes,down,57.38,53.29,65.49,284.17,316,65.89,58.72,222.02
EVM0008519,,-,5.6860311246,2.50742199616,9.00563101324E-5,0.00767049957516,yes,up,7.16,8.37,3.74,0.59,0.68,1.54,6.42333333333,0.936666666667
EVM0008548,,-,0.0126562606134,-6.30400497706,2.38725733047E-13,1.93141054321E-9,yes,down,13.69,3.12,1.09,242.55,736.3,110.44,5.96666666667,363.096666667
EVM0008721,,-,0.134205138631,-2.8974881824,0.000335356378256,0.0183945815477,yes,down,3022.59,1012.53,567.03,16188.85,10609.96,1313.35,1534.05,9370.72
EVM0008759,,-,5.59669279031,2.48457455851,0.000958114035991,0.0366506931829,yes,up,35.31,15.63,33.1,8.46,0.66,3.57,28.0133333333,4.23
EVM0008771,,-,0.200671937201,-2.31708921656,0.000504670340011,0.0233984835866,yes,down,2.56,2.13,0.91,4.5,9.48,8.61,1.86666666667,7.53
EVM0008792,,-,0.0877574908822,-3.51033391225,0.000256240399504,0.0152997265844,yes,down,3.16,2.18,1.22,5.59,5.01,49.89,2.18666666667,20.1633333333
EVM0008832,,-,4.2324008073,2.08147625678,0.000434641789181,0.0215074580756,yes,up,3246.94,2981.1,1441.6,668.37,673.52,191.65,2556.54666667,511.18
EVM0008917,,-,0.183557525451,-2.44569583194,0.000115074892091,0.00917254595528,yes,down,193.75,213.04,143.12,233.74,948.09,1272.88,183.303333333,818.236666667
EVM0008984,,-,5.78054663731,2.53120592761,4.60536084501E-5,0.00480769960214,yes,up,68.46,46.47,120.89,14.18,5.64,15.54,78.6066666667,11.7866666667
EVM0009107,,-,0.0855041261567,-3.54786214823,7.05953388616E-5,0.00649035896659,yes,down,0.99,0.28,0.77,3.32,4.63,10.98,0.68,6.31
EVM0009247,,-,0.263820276133,-1.92237264648,0.00134087414706,0.0448041102919,yes,down,38.99,16.63,27.78,137.36,93.5,31.78,27.8,87.5466666667
EVM0009315,,-,0.185755245789,-2.42852514137,0.000180279226674,0.0124005403921,yes,down,102.75,52.99,46.5,499.16,326.97,80.52,67.4133333333,302.216666667
EVM0009646,,-,13.7002558239,3.77613092766,5.10018655889E-6,0.00103157648387,yes,up,345.54,203.33,336.05,3.89,5.02,44.15,294.973333333,17.6866666667
EVM0009668,,-,0.203055088664,-2.3000569125,2.48618475562E-6,0.000591857386075,yes,down,87.06,108.76,176.08,549.89,606.95,400.12,123.966666667,518.986666667
EVM0009684,,-,0.239205741001,-2.06367607988,0.000627618325729,0.0272265204521,yes,down,13.18,5.51,9.81,28.21,52.93,16.13,9.5,32.4233333333
EVM0009687,,-,12.4126416841,3.63373828038,4.14329009631E-8,2.39437775173E-5,yes,up,270.01,123.01,385.63,19.8,5.33,27.41,259.55,17.5133333333
EVM0009776,,-,0.177570808171,-2.49353366618,0.000405982687301,0.0207416742098,yes,down,10.73,8.55,16.87,88.81,73.06,11.45,12.05,57.7733333333
EVM0009837,,-,17.3031936223,4.1129664332,0.000117418854796,0.00922308004589,yes,up,156.48,2.2,24.91,1.38,1.66,5.04,61.1966666667,2.69333333333
EVM0009905,,-,0.141438703181,-2.82175114273,0.00059987855607,0.0265123003953,yes,down,22.94,9.41,14.46,111.61,152.24,7.51,15.6033333333,90.4533333333
EVM0009924,,-,0.0460385308094,-4.44101439514,7.49651507868E-15,1.21301110488E-10,yes,down,9.45,3.91,3.69,59.29,138.87,97.52,5.68333333333,98.56
EVM0009931,,-,4.73386706072,2.24301919202,2.58019555271E-5,0.00307807710624,yes,up,25.87,17.67,10.94,4.09,3.23,2.2,18.16,3.17333333333
EVM0009932,,-,11.7231842769,3.55129258585,2.22182732555E-5,0.00276549138114,yes,up,1.94,2.77,3.7,0.25,0.07,0.27,2.80333333333,0.196666666667
EVM0009966,,-,3.08575406192,1.62562308207,0.000163428706005,0.0118055352316,yes,up,125.95,90.25,114.65,37.67,21.53,30.76,110.283333333,29.9866666667
EVM0009979,,-,0.101889031884,-3.29492933777,0.000174444922118,0.0122194514493,yes,down,3.21,1.68,4.7,65.5,13.1,4,3.19666666667,27.5333333333
EVM0010015,,-,61.5019318406,5.94255982263,6.97234040714E-5,0.00644682515017,yes,up,7.95,2.74,5.33,0.19,0,0,5.34,0.0633333333333
EVM0010030,,-,0.221754389339,-2.17296543381,0.000342975648734,0.0185608326828,yes,down,16.7,20.49,23.52,36.09,91.18,107.42,20.2366666667,78.23
EVM0010111,,-,16.1965199674,4.01761195953,9.85202108803E-10,1.06277035484E-6,yes,up,145.19,73.74,235.24,3.37,7.19,12.73,151.39,7.76333333333
EVM0010120,,-,0.198437451698,-2.33324375928,0.000181812600287,0.0124131210348,yes,down,46.67,14.5,33.22,62.78,204.33,117.88,31.4633333333,128.33
EVM0010162,,-,0.111291955748,-3.16757877733,0.00104419979329,0.0388418318509,yes,down,6.69,1.09,1.52,3.2,8.23,53.31,3.1,21.58
EVM0010234,,-,3.54009927873,1.82378981989,0.000683716926022,0.0289613182721,yes,up,297.44,258.41,523.54,81.75,55.2,124.78,359.796666667,87.2433333333
EVM0010257,,-,6.16933471579,2.62511492147,0.000268005297253,0.0157961868999,yes,up,10.78,34.55,30.36,5.49,1.67,3.77,25.23,3.64333333333
EVM0010265,,-,0.165792612302,-2.59254837293,1.40502083841E-5,0.00199426685844,yes,down,118.65,23.09,38.07,317.76,286.7,264.76,59.9366666667,289.74
EVM0010269,,-,0.341250351424,-1.55109756315,0.00113789990647,0.0411800783787,yes,down,169.3,100.38,88.51,308.63,368.45,190.14,119.396666667,289.073333333
EVM0010273,,-,6.89345600506,2.78522745337,1.88300387982E-7,8.01812783668E-5,yes,up,20.94,11.77,29.52,2.85,1.87,2.8,20.7433333333,2.50666666667
EVM0010276,,-,0.188922168465,-2.40413609481,0.000176505125597,0.0123104717124,yes,down,22.22,28.26,26.69,208.53,115.93,33.47,25.7233333333,119.31
EVM0010324,,-,14.4947528459,3.8574588287,0.000896228507724,0.0351134951174,yes,up,0.85,5.3,4.13,0.09,0,0.51,3.42666666667,0.2
EVM0010629,,-,0.0838744924558,-3.57562405852,8.42710773577E-5,0.00733113065981,yes,down,36.77,6.14,5.95,19.62,104.27,326.91,16.2866666667,150.266666667
EVM0010699,,-,0.305123911045,-1.7125328537,0.00134847053409,0.0448041102919,yes,down,85.64,72.42,72.92,324.83,225.26,90.49,76.9933333333,213.526666667
EVM0010702,,-,0.276897041991,-1.85257845298,0.000329984226696,0.0181614788169,yes,down,69.16,34.21,68.96,167.5,239.83,116.6,57.4433333333,174.643333333
EVM0010762,,-,60.3519326593,5.91532806625,0.00162234573174,0.0496093240075,yes,up,0.42,2.79,6.01,0,0,0,3.07333333333,0
EVM0010781,,-,0.171353966902,-2.54494850377,0.000269785066175,0.0157961868999,yes,down,10.89,8.13,9.99,16.08,26.7,96.43,9.67,46.4033333333
EVM0010839,,-,0.256298534788,-1.96410286386,0.000533011140067,0.0241586925978,yes,down,268.44,122.23,105.12,602.57,725.18,250.32,165.263333333,526.023333333
EVM0010870,,-,9.33379692539,3.22246407905,2.1033465526E-6,0.000523603854887,yes,up,7.91,7.84,8.23,0.4,0.75,1,7.99333333333,0.716666666667
EVM0010893,,-,0.0815410064627,-3.61633042562,1.20022428496E-5,0.00183215369386,yes,down,2.85,0.12,1.38,22.16,8.4,11.6,1.45,14.0533333333
EVM0010901,,-,0.178072569044,-2.4894627994,0.000100966203463,0.00842130999089,yes,down,144.64,59.63,47,595.95,434.42,129.53,83.7566666667,386.633333333
EVM0010911,,-,0.132398789424,-2.91703816383,0.00022032349361,0.0141470414686,yes,down,2.16,2.52,2.11,3.17,10.13,28.3,2.26333333333,13.8666666667
EVM0010953,,-,3.78137900835,1.91891245817,0.000516938060283,0.0237184005546,yes,up,92.86,79.33,29.07,19.94,9.91,14.38,67.0866666667,14.7433333333
EVM0010954,,-,7.66738341916,2.93873432581,0.00153373556584,0.0481851002278,yes,up,4.08,14.99,7.47,0.14,0.87,1.95,8.84666666667,0.986666666667
EVM0011012,,-,0.302759604197,-1.7237553688,0.000526752159865,0.0240095118275,yes,down,25.25,17.56,23.45,82.3,68.27,32.97,22.0866666667,61.18
EVM0011047,,-,8.48330836511,3.08462700431,0.000591136507591,0.0262779665641,yes,up,155.59,51.22,151.26,1.32,7.36,26.52,119.356666667,11.7333333333
EVM0011184,,-,0.284119366152,-1.81543092299,0.00119040758737,0.0423340333434,yes,down,50.79,34.42,35.84,155.07,156.83,46.85,40.35,119.583333333
EVM0011235,,-,7.17824148436,2.8436304579,0.000409873940537,0.0207905022941,yes,up,32.9,16.33,59.48,4.29,0.54,7.82,36.2366666667,4.21666666667
EVM0011285,,-,0.141771351308,-2.81836206796,9.96754491716E-12,3.42615393149E-8,yes,down,50.19,32.54,30.45,224.41,195.72,239,37.7266666667,219.71
EVM0011391,,-,0.206716417564,-2.27427512171,0.000795179682803,0.0320069712623,yes,down,180.16,89.26,80.25,658.07,650.62,101.42,116.556666667,470.036666667
EVM0011436,,-,7.16639566105,2.84124769782,0.000879579325397,0.0346817113122,yes,up,436.61,200.08,129.85,13.03,73.49,7.71,255.513333333,31.41
EVM0011441,,-,0.266995296008,-1.90511377052,3.33500107849E-5,0.00376619423292,yes,down,22.12,13.3,17.12,57.47,64.59,42.22,17.5133333333,54.76
EVM0011483,,-,0.211785721762,-2.23932276636,0.000271388663134,0.0157961868999,yes,down,10.89,7.34,6.21,41.7,43.87,9.91,8.14666666667,31.8266666667
EVM0011564,,-,5.81204336549,2.53904546742,0.000240481991267,0.014799284523,yes,up,7.37,12.19,4.75,0.51,1.31,1.73,8.10333333333,1.18333333333
EVM0011583,,-,7.74786612537,2.95379902597,9.21599127106E-5,0.00780753689828,yes,up,24.63,14.98,33.02,0.66,2.4,4.69,24.21,2.58333333333
EVM0011619,,-,0.233489232971,-2.09857207128,1.89809986898E-5,0.00247686725645,yes,down,135.55,85.62,138.42,585.33,488.67,244.05,119.863333333,439.35
EVM0011646,,-,0.299217480563,-1.74073363361,0.00136100807243,0.0449438196328,yes,down,42.15,43.15,62.26,91.47,139.63,196.66,49.1866666667,142.586666667
EVM0011751,,-,0.00729552815519,-7.09877185973,2.38550256485E-5,0.00292422856075,yes,down,0,0.07,0,8.5,2.81,0.08,0.0233333333333,3.79666666667
EVM0011905,,-,0.0300235140843,-5.05776334355,7.16554300601E-8,3.51350458728E-5,yes,down,7.21,5.39,0.89,8.35,158.42,194.48,4.49666666667,120.416666667
EVM0011991,,-,6.93383361238,2.79365321735,3.48561800759E-7,0.000125335077735,yes,up,19.03,21.79,46.63,4.02,3.36,3.32,29.15,3.56666666667
EVM0012081,,-,24.1435158635,4.59356387659,1.16767823111E-10,2.09935571751E-7,yes,up,81.03,40.21,99.57,4.25,1.24,2.46,73.6033333333,2.65
EVM0012101,,-,51.5510998257,5.68793130223,2.68671600676E-10,3.95215924595E-7,yes,up,131.71,21.62,138.63,1.48,0,3.13,97.32,1.53666666667
EVM0012119,,-,32.8910553886,5.03962339614,2.7816000165E-9,2.36889841405E-6,yes,up,54.02,23.68,88.06,1.59,1.87,0.99,55.2533333333,1.48333333333
EVM0012147,,-,0.0497780661719,-4.32834600563,0.00150190266713,0.0478391477498,yes,down,0.47,0,0,1.53,0.94,3.76,0.156666666667,2.07666666667
EVM0012153,,-,0.26498152584,-1.91603631449,0.000247844873691,0.0149084680342,yes,down,14.78,8.25,9.15,47.55,34.86,18.54,10.7266666667,33.65
EVM0012249,,-,5.90353393923,2.5615788308,0.000245521138484,0.014898280417,yes,up,19.01,14.17,15.09,0.95,2.61,3.24,16.09,2.26666666667
EVM0012260,,-,0.0323608966753,-4.94960460639,5.49459190323E-8,2.85058455162E-5,yes,down,1.75,0,0.31,21.39,8.6,16.23,0.686666666667,15.4066666667
EVM0012264,,-,0.0127424348284,-6.29421521523,0.000436919130621,0.0215192208299,yes,down,0,0,0,0.22,0.22,1.41,0,0.616666666667
EVM0012308,,-,0.00794993452258,-6.97484130657,0.000196823697919,0.012999201045,yes,down,0,0,0,12.04,0.44,0.35,0,4.27666666667
EVM0012312,,-,0.0476375606556,-4.39175664979,0.00160994116246,0.0494220431628,yes,down,0.34,0,0.11,1.42,4.86,0.41,0.15,2.23
EVM0012338,,-,0.136203179889,-2.87616770904,0.000307483595799,0.0174924729288,yes,down,14.69,16.18,16.56,21.27,228.01,35.76,15.81,95.0133333333
EVM0012347,,-,0.215899134952,-2.211570632,0.000710046690051,0.0292933758959,yes,down,9.93,3.83,8.71,36.01,40.42,10.69,7.49,29.04
EVM0012363,,-,4.10515679915,2.03743732774,0.000604560299542,0.0265123003953,yes,up,9767.92,12319.77,4764.66,2046.04,2960.25,910.36,8950.78333333,1972.21666667
EVM0012392,,-,8.477666224,3.08366716686,0.000607877352862,0.0265123003953,yes,up,8.99,13.93,90.31,5.26,0.84,5.51,37.7433333333,3.87
EVM0012406,,-,0.269612116427,-1.89104276188,2.28349067829E-5,0.00282054676835,yes,down,804.36,1015.43,1040.97,2261.09,2932.19,3672.89,953.586666667,2955.39
EVM0012420,,-,0.294082391867,-1.76570768919,0.00020729923802,0.0135254393968,yes,down,44.19,24.06,44.62,125.3,121.59,74.05,37.6233333333,106.98
EVM0012431,,-,9.75028101478,3.28544379966,1.07791714971E-5,0.00169337644655,yes,up,129.97,71.59,160.17,4.77,2.87,22.84,120.576666667,10.16
EVM0012591,,-,0.023268649277,-5.42546872368,0.000573200069084,0.0256214097178,yes,down,0,0.07,0,0.16,0.33,2.06,0.0233333333333,0.85
EVM0012664,,-,9.95356351986,3.31521312385,0.000224175098088,0.0143374595343,yes,up,15.02,58.66,20.84,0.96,1.15,6.13,31.5066666667,2.74666666667
EVM0012690,,-,57.040418646,5.83391266531,0.00151731983529,0.048101274621,yes,up,1.65,0.45,0.18,0,0,0,0.76,0
EVM0012699,,-,6.7857928821,2.76251739637,0.000244769179454,0.014898280417,yes,up,8.07,4.08,5.32,0.87,0.95,0.32,5.82333333333,0.713333333333
EVM0012712,,-,30.4316907627,4.92750258606,1.98784798592E-6,0.000510561400956,yes,up,28.9,103.19,37.65,0,0.31,4.43,56.58,1.58
EVM0012732,,-,0.245352171724,-2.02707405347,0.000308099300705,0.0174924729288,yes,down,240.2,212.03,240.86,949.69,1170.63,301.93,231.03,807.416666667
EVM0012974,,-,113.772635393,6.83000979197,8.74535461239E-6,0.00150480738722,yes,up,6.1,2.03,4.88,0,0,0,4.33666666667,0
EVM0012982,,-,0.205991992008,-2.27933984153,0.000387919986831,0.0203137000224,yes,down,54.91,9.52,13.52,121.62,85.31,94.64,25.9833333333,100.523333333
EVM0013051,,-,0.0362107224135,-4.78743923053,6.75315651182E-6,0.00124173665361,yes,down,1.87,0.35,0,2.91,11.85,30.2,0.74,14.9866666667
EVM0013055,,-,7.03795911635,2.81515713347,7.35931169751E-5,0.00667883827172,yes,up,60.18,26.85,55.82,3.32,2.02,11.32,47.6166666667,5.55333333333
EVM0013057,,-,5.98534026534,2.58143326641,0.000235567480508,0.0147170556066,yes,up,6.41,7.61,6.05,0.7,0.39,1.71,6.69,0.933333333333
EVM0013063,,-,2.86879084357,1.52044278862,0.000701301524369,0.0290968204251,yes,up,42.23,49.35,57.53,17.7,10.58,15.66,49.7033333333,14.6466666667
EVM0013072,,-,34.3990007334,5.10429475115,0.000185034330317,0.012580002096,yes,up,5.08,1.77,0.4,0.16,0,0,2.41666666667,0.0533333333333
EVM0013126,,-,0.262317943243,-1.93061159974,0.00101807004718,0.0382213258316,yes,down,36.54,16.98,22.62,118.63,91.76,29,25.38,79.7966666667
EVM0013228,,-,3.61341743976,1.85336393163,0.000355571216894,0.0190513174191,yes,up,12.1,13.55,17.72,5.32,2.41,2.48,14.4566666667,3.40333333333
EVM0013290,,-,4.07465822923,2.02667905525,0.000690710285963,0.0290208256161,yes,up,149.63,320.76,241.35,21.95,63.29,62.28,237.246666667,49.1733333333
EVM0013379,,-,22.4325516894,4.48752183035,2.60248460347E-5,0.00307807710624,yes,up,1.49,21.72,7.56,0,0.7,0.46,10.2566666667,0.386666666667
EVM0013396,,-,0.175021358076,-2.5143971082,0.000108820245423,0.00880410195591,yes,down,11.82,5.77,18.01,66.92,78.35,32.51,11.8666666667,59.26
EVM0013397,,-,0.269449034755,-1.8919156763,0.000105399089032,0.00865717086108,yes,down,10.96,10.07,11.53,25.51,40.33,35.48,10.8533333333,33.7733333333
EVM0013484,,-,0.0654444885677,-3.9335844896,1.22169377255E-5,0.00184749784427,yes,down,6.7,0.86,0.67,52.63,6.17,39.91,2.74333333333,32.9033333333
EVM0013594,,-,0.0404886632735,-4.62633817631,3.37914428126E-7,0.000124268030943,yes,down,106.99,26.5,25.7,980.56,2082.33,69.98,53.0633333333,1044.29
EVM0013612,,-,9.93710373019,3.31282542493,5.25951153092E-5,0.00514855276894,yes,up,3.67,2.32,4.18,0.1,0.25,0.46,3.39,0.27
EVM0013635,,-,6.2486684297,2.64354878905,0.00115457271651,0.0414786111723,yes,up,28.53,32.63,4.96,3.71,3.9,1.44,22.04,3.01666666667
EVM0013651,,-,0.144880103581,-2.78706861204,0.000480842874477,0.0227500542454,yes,down,26.63,6.47,10.82,80.8,149.62,12.1,14.64,80.84
EVM0013676,,-,0.329665370548,-1.60092574674,0.000764406308081,0.0310775338469,yes,down,31.66,34.66,47.07,122.24,106.77,64.43,37.7966666667,97.8133333333
EVM0013704,,-,9.05888366263,3.17933327614,0.00133154980476,0.0448041102919,yes,up,6.38,4.9,28.81,0.42,0.17,3.11,13.3633333333,1.23333333333
EVM0013707,,-,0.0022032875849,-8.82612646905,4.85394338302E-11,1.12202368401E-7,yes,down,0,0.12,0,9.23,40.47,4.68,0.04,18.1266666667
EVM0013719,,-,0.280973695074,-1.8314930241,0.00152433847891,0.0481744549361,yes,down,19.35,18.41,15.51,81.47,59.51,18.36,17.7566666667,53.1133333333
EVM0013723,,-,0.2497898255,-2.00121338095,0.00149812796384,0.0478130346802,yes,down,37.9,18.38,15.45,111.23,100,24.86,23.91,78.6966666667
EVM0013878,,-,2.78916057848,1.47983099607,0.00134680495523,0.0448041102919,yes,up,26.65,20.68,36.59,8.86,7.45,8.88,27.9733333333,8.39666666667
EVM0013952,,-,0.0392178406905,-4.67234608593,0.000192870908992,0.0129257842492,yes,down,0.43,0.71,0.27,0.8,6.13,23.69,0.47,10.2066666667
EVM0013957,,-,0.143912863796,-2.7967325403,0.00162921140684,0.0496464590849,yes,down,6.19,1.91,0.22,18.18,5.92,21.79,2.77333333333,15.2966666667
EVM0013967,,-,0.306274438256,-1.70710313063,4.69008429191E-5,0.00485285892433,yes,down,44.93,26.68,34.79,110.54,97.3,80.18,35.4666666667,96.0066666667
EVM0014048,,-,0.222507388168,-2.16807485456,0.00133980580282,0.0448041102919,yes,down,5.43,7.73,2.82,21.35,31.24,8.39,5.32666666667,20.3266666667
EVM0014070,,-,4.13154637305,2.04668186087,0.00133387215962,0.0448041102919,yes,up,10.2,28,26.99,4.99,3.06,5.67,21.73,4.57333333333
EVM0014074,,-,0.103505994143,-3.27221377673,1.50712011188E-5,0.00206667038393,yes,down,26.37,6.15,5.5,134.01,135.74,24.25,12.6733333333,98
EVM0014089,,-,4.50665496141,2.17205699864,0.000290602447964,0.0167339438096,yes,up,15.32,24.12,9.32,2.14,2.32,4.55,16.2533333333,3.00333333333
EVM0014179,,-,3.37028621283,1.75287111375,0.00113211757337,0.0411800783787,yes,up,68.73,123.2,108.24,20.65,18.26,37.27,100.056666667,25.3933333333
EVM0014281,,-,0.201618393612,-2.31030083322,0.000393585264217,0.020346974953,yes,down,16.95,11.4,12.62,88.41,68.33,13.26,13.6566666667,56.6666666667
EVM0014336,,-,0.158408128616,-2.65828172656,0.000963473823816,0.0366995211853,yes,down,11.11,2.46,2.68,39.32,38.34,4.46,5.41666666667,27.3733333333
EVM0014573,,-,0.229754461613,-2.12183521734,0.000885265420497,0.0347681547793,yes,down,6.62,15.77,19.25,40.86,35.54,82.42,13.88,52.94
EVM0014586,,-,0.209580525893,-2.25442342621,0.000484542010335,0.0228582340211,yes,down,22.85,11.7,16.09,42.43,27.05,128.09,16.88,65.8566666667
EVM0014590,,-,0.194336157425,-2.3633737468,0.000142814873289,0.0106985530773,yes,down,1.58,2.25,1.52,3.08,10.49,9.29,1.78333333333,7.62
EVM0014593,,-,6.13296719791,2.61658523477,1.69985659462E-5,0.00229211496312,yes,up,57.61,37.81,68.48,3.33,5.54,13.08,54.6333333333,7.31666666667
EVM0014637,,-,0.277810424313,-1.84782736014,0.000315014609574,0.0176987895747,yes,down,18.97,9.5,11.17,35.46,26.76,54.61,13.2133333333,38.9433333333
EVM0014746,,-,11.3474431901,3.50429536047,0.00143498043478,0.0464252952431,yes,up,5.49,2.95,1.01,0.05,0,0.63,3.15,0.226666666667
EVM0014828,,-,0.298016576905,-1.74653551335,0.00156571097538,0.048814584379,yes,down,50.5,26.48,24.44,50.05,84.55,140.74,33.8066666667,91.78
EVM0014834,,-,12.8155877208,3.6798277368,0.00069469993487,0.0290208256161,yes,up,4.83,2.71,14.55,0.87,0.64,0,7.36333333333,0.503333333333
EVM0015052,,-,0.0874677198269,-3.51510550469,0.000260612102811,0.0155035457191,yes,down,13.02,2.63,2.26,5.88,20.43,132.61,5.97,52.9733333333
EVM0015059,,-,0.0597890408886,-4.06397512182,0.00113457897334,0.0411800783787,yes,down,0.38,1.62,0.24,0.23,2.93,29.49,0.746666666667,10.8833333333
EVM0015079,,-,80.7907405131,6.33611804899,0.000453818882783,0.0220517818088,yes,up,0.17,2.67,1.37,0,0,0,1.40333333333,0
EVM0015107,,-,0.0919964562572,-3.44227790076,8.0770396219E-9,5.9406626419E-6,yes,down,4.53,3.92,3.06,12.53,45.12,44.25,3.83666666667,33.9666666667
EVM0015124,,-,0.254434026959,-1.97463647127,0.00022569830302,0.0143780481936,yes,down,54.96,32.49,41.62,67.96,151.27,194.2,43.0233333333,137.81
EVM0015160,,-,9.20327860352,3.20214790274,0.000152549010774,0.0111692106033,yes,up,851.14,1259.45,274.45,186.72,98.17,10.39,795.013333333,98.4266666667
EVM0015271,,-,0.00612045348675,-7.35214573324,1.47196228615E-5,0.00203571126087,yes,down,0,0,0,0.38,10.84,4.8,0,5.34
EVM0015290,,-,0.0952503238851,-3.39213219148,3.91665463489E-5,0.00428212085454,yes,down,2.73,2.83,2.58,2.74,27.5,41.25,2.71333333333,23.83
EVM0015466,,-,0.102533835769,-3.2858280228,0.00011846169412,0.00926004189642,yes,down,7.59,6.49,3.48,13.69,110.69,15.69,5.85333333333,46.69
EVM0015477,,-,8.2404560254,3.04272417811,0.000129936326459,0.0100598071695,yes,up,62.89,138,96.37,2.48,4.56,23.47,99.0866666667,10.17
EVM0015714,,-,10.6264434837,3.40958692346,0.00060559155307,0.0265123003953,yes,up,43.13,8.5,32.36,5.28,0,1.38,27.9966666667,2.22
EVM0015790,,-,0.196565076538,-2.3469210722,0.00148148172623,0.0475632059765,yes,down,70.35,29.99,32.5,258.77,267.26,27.67,44.28,184.566666667
EVM0015897,,-,0.0513504956037,-4.28347798915,0.00136486357576,0.0449793432165,yes,down,0,0.35,0.39,7.18,6.4,0.38,0.246666666667,4.65333333333
EVM0015908,,-,0.386371870354,-1.37193803171,0.000982568506704,0.0372340538805,yes,down,173.72,183.76,171.52,489.85,384.85,303.1,176.333333333,392.6
EVM0015911,,-,5.09592233676,2.3493432907,0.00114268927706,0.0411800783787,yes,up,23.25,20.64,17.4,1.21,1.37,7.28,20.43,3.28666666667
EVM0015925,,-,0.117832092151,-3.08519557709,0.000950371361102,0.03657098386,yes,down,1.48,2.2,2.63,2.08,37.49,4.87,2.10333333333,14.8133333333
EVM0015926,,-,0.146324867151,-2.77275312605,8.9750171268E-6,0.00150480738722,yes,down,2.38,5.15,4.31,24.31,35.42,9.05,3.94666666667,22.9266666667
EVM0015956,,-,6.32082006915,2.66011174716,0.000339163755632,0.0184403909737,yes,up,9.99,5.26,2.83,1.42,0.26,0.67,6.02666666667,0.783333333333
EVM0016008,,-,0.337982787061,-1.56497832073,0.00114191383852,0.0411800783787,yes,down,33.83,20.03,22.04,91.14,55.36,40.8,25.3,62.4333333333
EVM0016097,,-,78.0212787291,6.28579573848,1.11794131933E-5,0.0017273860653,yes,up,3.69,3.4,4.33,0,0,0.11,3.80666666667,0.0366666666667
EVM0016172,,-,0.207926043444,-2.26585762291,2.89858800303E-5,0.0033501466055,yes,down,47.6,66.04,44.5,265.74,285.08,99.84,52.7133333333,216.886666667
EVM0016197,,-,38.5279701879,5.26783427577,0.00159892383375,0.0492803553408,yes,up,0.45,2.64,1.46,0,0,0.09,1.51666666667,0.03
EVM0016306,,-,6.12041100832,2.6136285385,0.00144249662974,0.0464545563261,yes,up,66.82,167.28,21.94,16.3,17.69,3.3,85.3466666667,12.43
EVM0016436,,-,0.106754958697,-3.22762501125,2.06003094665E-5,0.00264550482125,yes,down,3.19,8.55,6.12,9.29,49.11,82.28,5.95333333333,46.8933333333
EVM0016485,,-,9.10618099605,3.1868461349,1.87006568896E-6,0.000504325548552,yes,up,31.99,44.24,23.13,1.19,1.93,5.95,33.12,3.02333333333
EVM0016492,,-,17.7111199541,4.14658353799,0.00101509700222,0.0382062891209,yes,up,2.49,1.43,0.29,0.14,0.06,0,1.40333333333,0.0666666666667
EVM0016527,,-,4.25481069178,2.08909494387,4.72257330638E-5,0.00485285892433,yes,up,6.92,6.37,5.09,1.08,1.05,1.45,6.12666666667,1.19333333333
EVM0016542,,-,0.0240467706815,-5.37801302695,8.15916977449E-8,3.88304488591E-5,yes,down,1.22,3.58,0.61,3.28,116.57,70.54,1.80333333333,63.4633333333
EVM0016689,,-,0.0132329593082,-6.23972045984,4.23323804027E-5,0.00453629302845,yes,down,0.89,0,0,0.55,12.96,28.89,0.296666666667,14.1333333333
EVM0016695,,-,0.0642124942451,-3.9610021505,8.83697153979E-6,0.00150480738722,yes,down,71.58,18.01,11.65,726.12,510.84,34.79,33.7466666667,423.916666667
EVM0016748,,-,7.54391071301,2.9153126009,2.17397677944E-5,0.00272690839288,yes,up,20.28,43.35,30.54,3.4,0.96,6.28,31.39,3.54666666667
EVM0016850,,-,0.0219116431071,-5.51215851679,9.17728233595E-9,6.30797741995E-6,yes,down,0.89,0.35,0.19,7.75,41.02,2.46,0.476666666667,17.0766666667
EVM0016909,,-,0.0966213127966,-3.37151473493,2.67236415785E-7,0.000102956010567,yes,down,11.91,6.87,4.34,25.68,114.15,52.44,7.70666666667,64.09
EVM0017006,,-,0.176063967661,-2.50582841,0.00135796598868,0.0449350667951,yes,down,30.32,9.84,10.48,127.32,97.07,10.38,16.88,78.2566666667
EVM0017083,,-,8.47177152484,3.08266368182,2.0431515885E-6,0.000516566185212,yes,up,30,18.53,28.6,3.03,0.71,3.84,25.71,2.52666666667
EVM0017119,,-,12.1662712088,3.60481516493,2.16454677474E-5,0.00272690839288,yes,up,11.15,13.87,11.79,0.25,0.89,1.42,12.27,0.853333333333
EVM0017140,,-,23.3454160356,4.54506739378,5.6718716258E-5,0.0054628901653,yes,up,2.83,1,3.13,0.06,0,0.18,2.32,0.08
EVM0017157,,-,8.92980072368,3.1586279807,0.000105956596072,0.0086590084901,yes,up,8.65,10.15,30.52,0.74,0.76,3.15,16.44,1.55
EVM0017212,,-,6.65646354761,2.73475590442,0.000378115415359,0.0199292688466,yes,up,20.32,89.2,65.58,2.34,5.92,14.22,58.3666666667,7.49333333333
EVM0017285,,-,3.11314630793,1.63837338046,0.000270922541996,0.0157961868999,yes,up,2925.11,3632.91,2441.46,714.89,866.87,953.55,2999.82666667,845.103333333
EVM0017312,,-,4.77495300826,2.25548653522,0.00013581594469,0.0103662160426,yes,up,152.84,346.34,297.38,32.16,31.01,78.61,265.52,47.26
EVM0017488,,-,10.7326126561,3.42392941117,0.000179762216245,0.0124005403921,yes,up,3.73,1.13,2.7,0.12,0.15,0.3,2.52,0.19
EVM0017511,,-,4.45188371325,2.15441590883,0.000467488481734,0.0225610349798,yes,up,387.26,127.84,93.16,58.12,30.38,23.47,202.753333333,37.3233333333
EVM0017526,,-,0.122615744741,-3.02778385158,0.000646624532096,0.0277533993471,yes,down,5.14,0.76,1.5,2.23,21.25,23.21,2.46666666667,15.5633333333
EVM0017639,,-,9.55492878287,3.2562451202,0.000374561459661,0.0198714064878,yes,up,172.23,167.69,12.57,20.3,9.39,1.61,117.496666667,10.4333333333
EVM0017708,,-,0.138428908272,-2.85278284074,0.000270198065271,0.0157961868999,yes,down,16.83,7.33,3.56,57.33,93.73,10.43,9.24,53.83
EVM0017731,,-,0.189371434288,-2.40070937083,2.64416734298E-5,0.00307807710624,yes,down,9.39,5.51,3.44,18.23,37.69,22.61,6.11333333333,26.1766666667
EVM0017790,,-,11.4489831943,3.51714757044,0.000595553127279,0.0264017675411,yes,up,6.86,18.79,9.66,0,0.57,2.05,11.77,0.873333333333
EVM0017947,,-,16.5226145934,4.04637009656,4.21123868169E-6,0.000884961728681,yes,up,52.29,11.14,70.42,2.99,0.14,3.62,44.6166666667,2.25
EVM0018072,,-,0.125980366508,-2.98872918139,2.60032706427E-5,0.00307807710624,yes,down,3.77,4.65,3.38,31,37.61,11.3,3.93333333333,26.6366666667
EVM0018102,,-,4.38057203824,2.13111927687,9.85462417339E-6,0.00158384752693,yes,up,602.08,766.97,435.36,168.74,99.51,82.94,601.47,117.063333333
EVM0018274,,-,4.44369020561,2.15175824193,0.000396370080202,0.0204256823814,yes,up,40.55,34.19,54.22,3.72,5.89,14.38,42.9866666667,7.99666666667
EVM0018314,,-,0.125222284839,-2.99743676452,0.000472664906876,0.0225610349798,yes,down,21.62,6.9,1.77,14.04,82.62,91.06,10.0966666667,62.5733333333
EVM0018342,,-,3.64502528105,1.86592882079,0.00153053474816,0.0481820676264,yes,up,44.9,87.3,31.14,14.19,16.09,8.28,54.4466666667,12.8533333333
EVM0018343,,-,6.66931506583,2.73753860521,4.8073194024E-5,0.00486170220314,yes,up,25.45,12.54,40.21,5.37,1.39,3.2,26.0666666667,3.32
EVM0018360,,-,3.47109477257,1.79539075613,0.00149546951159,0.0478130346802,yes,up,21.77,8.21,7.25,3,2.86,2.8,12.41,2.88666666667
EVM0018431,,-,0.189201458668,-2.40200488356,9.84366790732E-5,0.0082958536671,yes,down,79.75,19.73,18.29,228.97,125.88,149.72,39.2566666667,168.19
EVM0018479,,-,0.195388187901,-2.35558484238,0.000880558789568,0.0346817113122,yes,down,13.85,9.72,7.86,69.33,57.09,7.53,10.4766666667,44.65
EVM0018480,,-,3.25091459423,1.70084565505,0.00103624940046,0.0387241375261,yes,up,13.4,10.07,13.66,3.27,2.18,4.06,12.3766666667,3.17
EVM0018552,,-,0.0197121873684,-5.66476831545,0.000953770174212,0.03657098386,yes,down,90.17,2.67,1.45,1813.67,1803.55,87.19,31.43,1234.80333333
EVM0018594,,-,7.89143305035,2.98028731125,0.000544852262047,0.0245578118445,yes,up,5.92,4.21,7.59,0.1,1.27,0.51,5.90666666667,0.626666666667
EVM0018595,,-,5.03000483533,2.33055978689,0.0016249268725,0.0496093240075,yes,up,10.56,29.74,17.09,1.61,1.71,6.38,19.13,3.23333333333
EVM0018597,,-,7.41674736834,2.8907866283,0.000516728818708,0.0237184005546,yes,up,28.72,6.56,21.63,1.76,0.29,4.19,18.97,2.08
EVM0018613,,-,3.91847796281,1.97029338344,0.000148771903825,0.010992137789,yes,up,9.62,8.62,7.12,2.43,0.95,2.01,8.45333333333,1.79666666667
EVM0018720,,-,0.150612921267,-2.73108254899,0.00121549711631,0.0427092105112,yes,down,9.1,1.84,5.87,8.29,19.62,60.56,5.60333333333,29.49
EVM0018735,,-,0.0966651817735,-3.37085985673,1.25669282083E-5,0.00185825633747,yes,down,6.45,1.98,1.56,13.91,55.34,11.38,3.33,26.8766666667
EVM0018738,,-,0.181300875029,-2.46354220678,0.000213356369772,0.0138092776771,yes,down,1.31,0.99,0.83,4.76,6.24,3.25,1.04333333333,4.75
EVM0018810,,-,91.6509230525,6.51807750567,4.59656887374E-5,0.00480769960214,yes,up,6.7,1.72,4.27,0,0,0,4.23,0
EVM0018813,,-,7.58471883931,2.92309570168,0.000517433743018,0.0237184005546,yes,up,74.92,160.1,9.18,8.91,14.05,4.53,81.4,9.16333333333
EVM0018882,,-,0.207515765285,-2.26870715055,0.00132319161383,0.0448041102919,yes,down,44.89,24.5,37.78,99.26,35.71,291.54,35.7233333333,142.17
EVM0018987,,-,25.6634263086,4.68164189152,0.000145171359965,0.0107753108972,yes,up,109.97,110.78,15.32,9.46,0,0,78.69,3.15333333333
EVM0019123,,-,4.46271601313,2.15792200299,0.001641441431,0.0498314517729,yes,up,23.61,18.82,25.35,2.72,1.29,8.53,22.5933333333,4.18
EVM0019164,,-,0.306379060624,-1.70661039477,0.00047995164753,0.0227500542454,yes,down,12.82,16.63,14.41,28.91,54.06,36.88,14.62,39.95
EVM0019180,,-,0.170447595429,-2.55259984793,0.0012620861244,0.0437297978134,yes,down,23.94,8.28,5.71,35.67,16.18,125.67,12.6433333333,59.1733333333
EVM0019193,,-,0.0184962002087,-5.75662727056,1.5078988707E-9,1.3555173126E-6,yes,down,0.67,0.6,0.41,1.66,29.58,39.26,0.56,23.5
EVM0019208,,-,0.200997768691,-2.31474860899,0.000754434884805,0.0309050908128,yes,down,0.8,1.06,0.85,4.33,5.46,1.84,0.903333333333,3.87666666667
EVM0019246,,-,15.3957370222,3.94445902839,7.29203620178E-6,0.00131102708646,yes,up,43.79,24.42,75.67,4.81,0,3.15,47.96,2.65333333333
EVM0019369,,-,0.225625559979,-2.14799758227,0.00106372143968,0.0393869030102,yes,down,29.29,21.36,26.26,144.48,120.62,20.91,25.6366666667,95.3366666667
EVM0019376,,-,0.283186607012,-1.82017505847,7.92660557705E-5,0.00708621021228,yes,down,117.6,59.61,78.6,215.95,202.47,323.96,85.27,247.46
EVM0019393,,-,0.181824764245,-2.45937938919,4.69853151361E-6,0.00097470433874,yes,down,70.63,75.87,60.72,163.9,317.6,472.75,69.0733333333,318.083333333
EVM0019508,,-,0.0705827471993,-3.82454060645,0.000234467317129,0.0147050994514,yes,down,3.26,2.68,1.73,0.77,69.51,17.34,2.55666666667,29.2066666667
EVM0019773,,-,2.78567272632,1.47802577343,0.00117707836497,0.0420448234515,yes,up,847.01,538.27,353.62,173.58,171.19,171.75,579.633333333,172.173333333
EVM0019777,,-,6.62169652148,2.72720089219,8.62665306091E-10,9.9705623699E-7,yes,up,1462.92,1115.48,690.96,143.92,148.04,122.72,1089.78666667,138.226666667
EVM0019814,,-,0.129111430671,-2.95331136192,0.000116814840786,0.00922308004589,yes,down,2.06,3.98,1.34,15.46,28.85,4.37,2.46,16.2266666667
EVM0019838,,-,4.72999864422,2.24183977004,6.32467831666E-5,0.00601997763776,yes,up,33.18,42.73,15.63,7.08,4.09,5.21,30.5133333333,5.46
EVM0019852,,-,0.26923345028,-1.89307042953,0.000437539314815,0.0215192208299,yes,down,97.51,62.04,41.36,243.79,266.42,103.78,66.97,204.663333333
EVM0019872,,-,0.249280550662,-2.00415776945,0.00127024949152,0.0437697316135,yes,down,37.92,19.77,32.99,143.58,130.71,30.07,30.2266666667,101.453333333
EVM0019970,,-,0.172737174349,-2.5333494997,0.000679301696632,0.0288498182499,yes,down,41.35,10.66,29.91,188.1,179.5,23.8,27.3066666667,130.466666667
EVM0019995,,-,0.187936659166,-2.41168158673,0.000276639528745,0.0160441011277,yes,down,12.87,7.86,9.29,69.18,53.99,9.69,10.0066666667,44.2866666667
EVM0020021,,-,0.163601999514,-2.61173771415,0.00159117661052,0.0492525959386,yes,down,8.63,7.87,2.93,10.66,15.69,71.37,6.47666666667,32.5733333333
EVM0020022,,-,0.22053276932,-2.18093505079,0.000672400558801,0.0287074233297,yes,down,7.75,5.19,4.4,26.34,32.63,5.68,5.78,21.55
EVM0020090,,-,0.229913903633,-2.12083438178,0.00135364761504,0.0448839591371,yes,down,457.66,195.96,456.01,1540.18,2111.13,353.38,369.876666667,1334.89666667
EVM0020175,,-,0.0701432230634,-3.83355246619,5.17660019084E-10,6.44327443753E-7,yes,down,3.27,2.96,2.18,14.62,35.88,48.36,2.80333333333,32.9533333333
EVM0020265,,-,0.131453867689,-2.92737150475,0.000167689597574,0.0119532395522,yes,down,12.89,3,5.39,66.14,58.17,6.83,7.09333333333,43.7133333333
EVM0020362,,-,11.8275082746,3.56407426506,0.000417369983531,0.0210365908663,yes,up,65.04,155.16,163.54,7.66,0,20.43,127.913333333,9.36333333333
EVM0020479,,-,0.145114921423,-2.78473222293,4.22659726703E-5,0.00453629302845,yes,down,42.48,23.66,32.78,192.33,325.78,40.85,32.9733333333,186.32
EVM0020504,,-,0.17527433093,-2.5123133672,0.0004144319011,0.0209560080991,yes,down,17.51,7.1,9.73,77.44,73.61,10.05,11.4466666667,53.7
EVM0020543,,-,9.33574567684,3.22276525987,0.00144407897114,0.0464545563261,yes,up,1804.15,2870.2,294.07,400.72,70.18,8.68,1656.14,159.86
EVM0020572,,-,3.93740055634,1.97724348701,0.000669670868863,0.0286665193891,yes,up,78.42,52.32,130.11,30.74,11.39,15.6,86.95,19.2433333333
EVM0020728,,-,0.0170770838492,-5.87179455413,0.00104415409672,0.0388418318509,yes,down,0,0,0,1.14,0.74,0.26,0,0.713333333333
EVM0020739,,-,18.2660821246,4.19109531968,1.74272931067E-5,0.00233050437818,yes,up,2.84,2.5,0.86,0.04,0.11,0.13,2.06666666667,0.0933333333333
EVM0020768,,-,0.226481107032,-2.14253738867,0.0012167941441,0.0427092105112,yes,down,87.36,36.88,39.23,279.58,265.08,50.2,54.49,198.286666667
EVM0020806,,-,0.227655239586,-2.13507743088,0.00131475608095,0.0447176083816,yes,down,4.87,2.09,2.96,18.56,14.35,2.95,3.30666666667,11.9533333333
EVM0020866,,-,0.0529703144829,-4.23867211588,0.000305290707558,0.0174555086184,yes,down,0.86,3.87,2.16,1.23,4.97,105.9,2.29666666667,37.3666666667
EVM0020940,,-,20.3016487889,4.34352499486,1.2448660176E-6,0.000353389070716,yes,up,14.65,3.76,11.91,0.13,0.32,0.76,10.1066666667,0.403333333333
EVM0021042,,-,21.6422172927,4.4357764089,5.96514932311E-7,0.000196983839178,yes,up,4.15,4.26,3.72,0.15,0.09,0.22,4.04333333333,0.153333333333
EVM0021114,,-,0.0448566836011,-4.47853322849,1.47073043056E-5,0.00203571126087,yes,down,4.88,0.2,0.12,9.21,33.91,42.9,1.73333333333,28.6733333333
EVM0021223,,-,6.03752258686,2.5939566812,9.88619987764E-6,0.00158384752693,yes,up,11.17,8.28,7.57,1.3,1.24,1.19,9.00666666667,1.24333333333
EVM0021346,,-,32.8213021144,5.03656057069,0.000321289985102,0.0179268732722,yes,up,3.78,0.84,1.07,0.06,0.08,0,1.89666666667,0.0466666666667
EVM0021355,,-,0.134667742718,-2.89252377486,0.000423913978981,0.0212363841916,yes,down,4.22,1.6,4.84,10.08,5.53,49.09,3.55333333333,21.5666666667
EVM0021362,,-,0.181747207378,-2.45999489818,0.000427719211532,0.0212951524978,yes,down,9.18,3.86,2.22,24.38,35.37,7.53,5.08666666667,22.4266666667
EVM0021380,,-,0.253729968297,-1.97863416729,8.88665660639E-6,0.00150480738722,yes,down,24.53,18.8,28.48,64.03,77.23,94.04,23.9366666667,78.4333333333
EVM0021389,,-,0.113521617106,-3.13896104916,0.000328180927219,0.018123875711,yes,down,103.88,24.66,17.18,616.7,415.11,34.11,48.5733333333,355.306666667
EVM0021412,,-,9.98688889831,3.32003532166,0.000188378186562,0.0127537549655,yes,up,4.01,7.36,2.17,0.07,0.56,0.52,4.51333333333,0.383333333333
EVM0021458,,-,0.261899444388,-1.93291509583,1.91715208395E-6,0.000508548161809,yes,down,699.02,418.1,518.89,1736.74,1873.84,1549.99,545.336666667,1720.19
EVM0021473,,-,0.301884756595,-1.72793018381,0.000603494862875,0.0265123003953,yes,down,46.95,37.4,40.95,156.54,136.39,58.44,41.7666666667,117.123333333
EVM0021534,,-,2.77725896619,1.47366170788,0.000949649901185,0.03657098386,yes,up,27.39,16.2,17.73,5.94,4.78,7.4,20.44,6.04
EVM0021735,,-,15.2000762013,3.92600665112,0.000441702407384,0.0215927089241,yes,up,5.3,5.43,2.18,0,0.61,0.12,4.30333333333,0.243333333333
EVM0021788,,-,2.86410167152,1.51808270712,0.00132894149186,0.0448041102919,yes,up,33.32,26.01,19.94,10.57,5.72,6.82,26.4233333333,7.70333333333
EVM0021897,,-,4.59051953225,2.19865743996,0.000202347207891,0.0132557901655,yes,up,14.89,13.64,7.8,3.11,2.27,1.27,12.11,2.21666666667
EVM0021900,,-,0.107598334022,-3.21627235451,6.94919435181E-5,0.00644682515017,yes,down,5.47,3.39,3.41,44.26,47.51,3.8,4.09,31.8566666667
EVM0021932,,-,4.20679339527,2.07272096597,8.24937054089E-5,0.00725451438707,yes,up,11.42,6.67,4.57,1.45,1.33,1.6,7.55333333333,1.46
EVM0021977,,-,0.229855507785,-2.12120085854,0.000934024180098,0.0361931533656,yes,down,28.67,26.63,17.42,128.25,115.22,23.07,24.24,88.8466666667
EVM0021982,,-,0.160591998821,-2.63852807967,0.00156496437844,0.048814584379,yes,down,0.75,4.22,3.44,13.21,28.56,3.74,2.80333333333,15.17
EVM0022046,,-,14.8284095636,3.89029196323,0.000297854494754,0.0170907219135,yes,up,7.21,25.04,12.2,0.12,0,2.46,14.8166666667,0.86
EVM0022186,,-,0.0271229339681,-5.20434294226,2.58015549201E-6,0.00059642137166,yes,down,0.35,0.2,0,7.95,7.42,0.64,0.183333333333,5.33666666667
EVM0022326,,-,5.25795100255,2.39450069793,0.000369331667332,0.0196584069378,yes,up,66.27,11.75,33.91,6.83,2.53,7.83,37.31,5.73
EVM0022397,,-,0.0911357797945,-3.45583862424,1.96813089313E-6,0.000510561400956,yes,down,670.59,139.64,149.08,3076.64,4465.78,888.82,319.77,2810.41333333
EVM0022473,,-,0.0676103993687,-3.88661102073,1.73568397036E-7,7.59056819579E-5,yes,down,2.85,0.54,1.04,22.41,7.56,21.77,1.47666666667,17.2466666667
EVM0022612,,-,6.34724186226,2.6661298177,0.00128289639446,0.0440107984262,yes,up,20.95,8.57,22.17,0.83,1.33,4.51,17.23,2.22333333333
EVM0022710,,-,0.252332254668,-1.98660346259,0.00063493306943,0.0273917413624,yes,down,66.95,36.58,34.08,191.84,204.34,57.71,45.87,151.296666667
EVM0022808,,-,0.198647899811,-2.33171455416,0.000244830996018,0.014898280417,yes,down,111.73,88.33,99.94,554.45,618.33,104.04,100,425.606666667
EVM0022986,,-,0.184891534492,-2.43524892437,0.00138005655499,0.0453875916998,yes,down,1.65,0.74,1.99,10.17,4.18,6.25,1.46,6.86666666667
EVM0023054,,-,0.0525164076346,-4.25108795719,3.69442659138E-7,0.000129955471033,yes,down,28.78,34.17,26.07,52.4,281.69,1072.67,29.6733333333,468.92
EVM0023177,,-,4.49620175374,2.16870677368,0.000314955803666,0.0176987895747,yes,up,22.73,24.71,10.92,2.13,2.9,5.69,19.4533333333,3.57333333333
EVM0023199,,-,29.3583575083,4.87569935187,5.59706757064E-6,0.00109076797536,yes,up,626.5,612.48,71.68,46.3,3.53,0,436.886666667,16.61
EVM0023213,,-,0.149567785985,-2.74112861488,0.000169406936268,0.0120226913849,yes,down,6.19,4.96,5.11,10.23,60.04,18.2,5.42,29.49
EVM0023228,,-,0.0999068379812,-3.32327276517,1.12091673479E-5,0.0017273860653,yes,down,25.32,9.76,8.51,58.42,48.51,244.34,14.53,117.09
EVM0023277,,-,4.23955346318,2.08391231895,0.00132585126738,0.0448041102919,yes,up,151.62,62.47,29.55,22.85,15.84,8.65,81.2133333333,15.78
EVM0023412,,-,0.123969304378,-3.01194515092,4.73859285609E-5,0.00485285892433,yes,down,2.65,0.79,1.53,7.99,20.52,3.48,1.65666666667,10.6633333333
EVM0023415,,-,18.5158477452,4.21068869948,2.59686800613E-5,0.00307807710624,yes,up,10.03,3.99,11.51,0.07,0,1.04,8.51,0.37
EVM0023472,,-,0.176145130879,-2.50516349944,0.000879486035429,0.0346817113122,yes,down,25.51,9.77,10.6,94.81,106.91,10.7,15.2933333333,70.8066666667
EVM0023550,,-,0.11576808339,-3.11069052966,5.83772545323E-6,0.00111129688893,yes,down,4.67,3.15,4.15,39.63,40.3,6.8,3.99,28.91
EVM0023600,,-,0.312171623337,-1.6795886938,0.00110617101511,0.0404953692205,yes,down,28.33,21.01,15.58,66.84,75.03,30.04,21.64,57.3033333333
EVM0023615,,-,0.160025110322,-2.64362979168,0.00119355427765,0.0423528547513,yes,down,16.73,3.66,6.11,71.64,56.95,5.44,8.83333333333,44.6766666667
EVM0023632,,-,9.11892643837,3.18886398742,6.20894149714E-6,0.00116821956239,yes,up,6.57,10.42,5.51,0.5,0.35,1.21,7.5,0.686666666667
EVM0023633,,-,0.0406057766368,-4.62217120787,6.8168105284E-7,0.00022060562232,yes,down,4.19,1.36,1.37,17.22,108.13,5.4,2.30666666667,43.5833333333
EVM0023640,,-,0.124085836379,-3.01058964462,0.000393429419654,0.020346974953,yes,down,4.38,3.09,0.77,6.64,40.51,5.55,2.74666666667,17.5666666667
EVM0023675,,-,9.93710373019,3.31282542493,5.25951153092E-5,0.00514855276894,yes,up,3.67,2.32,4.18,0.1,0.25,0.46,3.39,0.27
EVM0023711,,-,12.0039052611,3.58543193274,6.58907539052E-5,0.00619871098221,yes,up,146.46,326,29.08,26.42,9.94,2.37,167.18,12.91
EVM0023740,,-,2.59250287354,1.37434558813,0.00141888985541,0.0461025235951,yes,up,601.31,638.16,552.05,182.7,166.98,245.08,597.173333333,198.253333333
EVM0023815,,-,33.9627789834,5.08588260624,0.00164651919541,0.0498919983164,yes,up,1.2,1.44,0.76,0,0,0.07,1.13333333333,0.0233333333333
EVM0023868,,-,10.6690393408,3.41535837408,0.000110699199019,0.00886744425409,yes,up,440.17,158.73,21.55,24.59,19.57,4.06,206.816666667,16.0733333333
EVM0023895,,-,0.0733916114692,-3.76824101476,2.26091240258E-11,6.09730393103E-8,yes,down,7.19,5.8,4.92,31.97,67.19,100.66,5.97,66.6066666667
EVM0024124,,-,0.0723455549341,-3.78895181257,2.52383410415E-6,0.000591857386075,yes,down,12.01,1.42,1.94,20.23,58.8,83.54,5.12333333333,54.19
EVM0024175,,-,0.268019486295,-1.89959019958,0.00107119094607,0.0393930470418,yes,down,38.03,52.79,90.05,120.74,188.34,274.83,60.29,194.636666667
EVM0024245,,-,0.0505653936201,-4.30570583121,6.91977763226E-6,0.00125807777379,yes,down,3.94,0.74,0.66,9.8,63.38,6.59,1.78,26.59
EVM0024253,,-,4.40902387405,2.1404592889,0.000514873425841,0.0237184005546,yes,up,75.33,46.16,13.35,10.95,7.02,7.06,44.9466666667,8.34333333333
EVM0024265,,-,23.0262199029,4.52520568557,9.89113850913E-8,4.57281463475E-5,yes,up,76.55,60.04,4.48,3.13,1.02,0.92,47.0233333333,1.69
EVM0024289,,-,0.191683770952,-2.38319989955,6.87869163995E-9,5.30019568695E-6,yes,down,229.77,139.38,153.66,742.29,832.33,666.11,174.27,746.91
EVM0024302,,-,0.13137591722,-2.92822725828,0.000556916390274,0.0249625044627,yes,down,7.4,1.29,1.95,33.68,28.36,2.81,3.54666666667,21.6166666667
EVM0024364,,-,0.270477355449,-1.8864202792,0.000172745664921,0.0121530330612,yes,down,96.38,74.74,57.38,298.66,282.88,120.81,76.1666666667,234.116666667
EVM0024365,,-,4.90222388347,2.29343637327,0.000339610438797,0.0184403909737,yes,up,4.07,7.75,7.42,1.01,0.68,1.6,6.41333333333,1.09666666667
EVM0024428,,-,312.877944906,8.28945615485,1.13794728181E-8,7.08197114115E-6,yes,up,13.62,5.12,26.42,0,0,0,15.0533333333,0
EVM0024463,,-,16.5320539094,4.0471940682,9.7459635065E-9,6.30797741995E-6,yes,up,45.62,28.38,95.25,5.52,1.99,1.39,56.4166666667,2.96666666667
EVM0024554,,-,0.196658988929,-2.3462319641,0.000390313322704,0.0203331834198,yes,down,31.59,10.68,18.27,101.1,126.07,23.68,20.18,83.6166666667
EVM0024567,,-,0.157584097615,-2.66580614036,4.16458069308E-6,0.000884961728681,yes,down,44.77,36.02,33.5,111.74,123.96,363.13,38.0966666667,199.61
EVM0024620,,-,0.201208193058,-2.31323904301,0.000234309142132,0.0147050994514,yes,down,5.68,10.98,5.75,42.71,39.27,16.07,7.47,32.6833333333
EVM0024695,,-,0.0956042452054,-3.3867815088,2.94288924764E-5,0.00337722630611,yes,down,0.69,0.48,0.63,6.15,8.61,0.88,0.6,5.21333333333
EVM0024698,,-,11.3587273603,3.50572929824,0.000132965925105,0.0101967849959,yes,up,4.82,4.07,10.38,0.51,0,0.9,6.42333333333,0.47
EVM0024714,,-,4.28237057996,2.09840964643,0.000953293656496,0.03657098386,yes,up,75,124.68,124.2,11.05,11.56,40.84,107.96,21.15
EVM0024715,,-,8.77069159436,3.13269060783,0.000701254922478,0.0290968204251,yes,up,26.04,26.37,25.87,0.57,0.24,6.56,26.0933333333,2.45666666667
EVM0024732,,-,0.199421236234,-2.32610904534,0.000215245420125,0.0138760404105,yes,down,24.15,7.72,7.13,67.08,67.47,23.19,13,52.58
EVM0024747,,-,9.13715734558,3.19174539928,0.00113506489545,0.0411800783787,yes,up,2.3,1.04,0.9,0.2,0,0.14,1.41333333333,0.113333333333
EVM0024807,,-,5.26881812943,2.39747938121,3.40075989062E-5,0.00379501350276,yes,up,117.64,35.74,67.68,11.24,6.9,16.09,73.6866666667,11.41
EVM0024835,,-,0.0442685317091,-4.4975746666,2.73694650897E-6,0.000615090714745,yes,down,0.67,1.68,2.5,2.47,45.45,46.22,1.61666666667,31.38
EVM0024849,,-,12.1611579161,3.6042086954,0.000232453573555,0.0146927002879,yes,up,12.6,87.42,32.77,0.21,2.29,6.93,44.2633333333,3.14333333333
EVM0024876,,-,4.44651407213,2.15267475143,0.000327480595457,0.018123875711,yes,up,69.97,33.62,68.26,6.08,6.96,18.59,57.2833333333,10.5433333333
EVM0024949,,-,0.236333467292,-2.0811041504,0.00100396172017,0.0379558518553,yes,down,5.03,5.78,9.9,32.91,33.14,8.36,6.90333333333,24.8033333333
EVM0024979,,-,233.26250845,7.86581063589,4.58703317238E-10,6.18523198019E-7,yes,up,89.2,13.32,46.9,0.25,0,0.24,49.8066666667,0.163333333333
EVM0024980,,-,0.197611132184,-2.3392638732,7.14000708724E-5,0.00652725732648,yes,down,5.48,2.68,3.04,21.36,19.41,5.7,3.73333333333,15.49
EVM0025002,,-,0.202067286523,-2.30709231791,0.000130715031758,0.0100719044232,yes,down,153.55,40.78,48.5,443.24,353.83,178.05,80.9433333333,325.04
EVM0025039,,-,8.08053669559,3.01445111753,0.000140120562921,0.0105948169562,yes,up,3.3,4.24,4.44,0.08,0.33,0.82,3.99333333333,0.41
EVM0025071,,-,26.5198523671,4.72900083905,9.78139564851E-7,0.000282629933908,yes,up,58.32,171.04,12.44,6.63,0.97,0.62,80.6,2.74
EVM0025134,,-,4.20685506696,2.07274211576,4.27824627393E-5,0.00455436203674,yes,up,22.88,20.82,33.95,4.15,4.58,6.72,25.8833333333,5.15
EVM0025135,,-,0.349633465776,-1.51608481337,0.00120740389792,0.042657210638,yes,down,6.64,5.47,6.89,16.05,18.5,10.82,6.33333333333,15.1233333333
EVM0025149,,-,0.207222345563,-2.27074851226,0.000607828879629,0.0265123003953,yes,down,11.32,8.34,12.99,20.66,26.67,83.95,10.8833333333,43.76
EVM0025386,,-,61.6301096055,5.94556345174,7.21177691954E-11,1.45867202919E-7,yes,up,40.05,11.24,57.64,0.26,0,1.17,36.31,0.476666666667
EVM0025393,,-,20.884868573,4.38438615964,8.30841061488E-7,0.000253657343697,yes,up,211.25,75.84,161.22,0.43,1.9,14.61,149.436666667,5.64666666667
EVM0025426,,-,0.191718966627,-2.38293502598,0.0004092323078,0.0207905022941,yes,down,18.51,17.87,17.66,21.5,74.73,137.28,18.0133333333,77.8366666667
EVM0025484,,-,0.0131733041154,-6.24623894341,0.00046694395988,0.0225610349798,yes,down,0,0,0,3,2.64,0.28,0,1.97333333333
EVM0025537,,-,0.200151052268,-2.32083889436,0.000170584107981,0.0120533687827,yes,down,16.06,22.38,22.45,120.19,115.63,28.61,20.2966666667,88.1433333333
EVM0025622,,-,11.5938357457,3.53528604654,0.000934969291566,0.0361931533656,yes,up,3.79,11.59,15.02,0,1.57,0.75,10.1333333333,0.773333333333
EVM0025625,,-,0.342119793025,-1.54742652258,0.000963926611689,0.0366995211853,yes,down,24.76,39.57,37.96,77.75,71.88,103.89,34.0966666667,84.5066666667
EVM0025629,,-,0.300980359432,-1.73225874835,0.000504101080864,0.0233984835866,yes,down,58.94,44.07,75.24,245.41,159.17,100.88,59.4166666667,168.486666667
EVM0025726,,-,8.97714507589,3.16625671003,9.29742075629E-7,0.00027353011865,yes,up,144.25,92.37,202.79,10.42,5.13,25.32,146.47,13.6233333333
EVM0025832,,-,0.228390731256,-2.13042399165,0.000695882846491,0.0290208256161,yes,down,30.51,21.45,29.93,153.35,126.52,29.88,27.2966666667,103.25
EVM0025886,,-,12.8002154858,3.67809619243,0.000427211712536,0.0212951524978,yes,up,6.2,30.75,14.81,0,0.68,2.71,17.2533333333,1.13
EVM0025938,,-,3.69346089802,1.88497330419,0.00141647017728,0.0461025235951,yes,up,11.1,23.63,19.16,3.62,2.66,6.14,17.9633333333,4.14
EVM0025991,,-,30.9474554325,4.95174888766,6.10650097239E-5,0.0058467036825,yes,up,4.21,2.35,1.3,0,0,0.16,2.62,0.0533333333333
EVM0025998,,-,0.0763842239786,-3.71058148788,0.000240542106765,0.014799284523,yes,down,0.91,8.35,2.31,5.1,107.22,17.14,3.85666666667,43.1533333333
EVM0026013,,-,0.112680493747,-3.1496903044,0.000106734523183,0.00867875034989,yes,down,7.76,1.25,2.52,20.15,7.89,52.12,3.84333333333,26.72
EVM0026209,,-,0.0874080526015,-3.51608999342,2.63511783004E-5,0.00307807710624,yes,down,2.87,0.86,0.26,5.98,21.64,7.44,1.33,11.6866666667
EVM0026228,,-,0.288700792107,-1.79235302899,0.00126794987216,0.0437697316135,yes,down,87.38,38.95,31.3,182.3,78.72,186.95,52.5433333333,149.323333333
EVM0026379,,-,0.0544535080407,-4.19883119556,4.17128390927E-6,0.000884961728681,yes,down,9.41,2.39,2.45,6.15,44.27,153.89,4.75,68.1033333333
EVM0026381,,-,0.0317421052803,-4.97745837235,9.52052111573E-9,6.30797741995E-6,yes,down,2.06,1.17,0.65,4.01,52.72,39.44,1.29333333333,32.0566666667
EVM0026423,,-,4.45107703944,2.15415447124,0.00133475453786,0.0448041102919,yes,up,16.9,18.56,4.2,4,1.75,1.75,13.22,2.5
EVM0026510,,-,8.97115660984,3.16529399715,0.000120178108273,0.00934904793256,yes,up,2017.95,2119.54,477.89,238.47,198.58,16.84,1538.46,151.296666667
EVM0026537,,-,0.138326681166,-2.85384863707,0.000623567403122,0.0271235057793,yes,down,0.45,0.72,0.51,5.87,3.69,0.96,0.56,3.50666666667
EVM0026544,,-,0.0826877870766,-3.59618192961,0.000164880286224,0.011857457384,yes,down,0,2.49,2.17,4.61,16.83,28.89,1.55333333333,16.7766666667
EVM0026565,,-,0.0272240699723,-5.19897342528,5.838598023E-12,3.14914515367E-8,yes,down,2.12,0.8,0.67,71.8,23.8,12.15,1.19666666667,35.9166666667
EVM0026585,,-,0.313730441315,-1.67240257398,0.00101530834448,0.0382062891209,yes,down,10.46,9.62,15.49,30.72,40.61,24.69,11.8566666667,32.0066666667
EVM0026604,,-,4.03668666926,2.01317160806,0.000759137175279,0.0309410544916,yes,up,36.67,10.86,12.12,3.12,3.53,5.16,19.8833333333,3.93666666667
EVM0026635,,-,7.89919325438,2.98170531818,0.00151905020279,0.048101274621,yes,up,133.58,74.2,213.34,9.15,0.61,34.57,140.373333333,14.7766666667
EVM0026667,,-,0.174127574418,-2.52178341214,0.0011245966186,0.0410769703963,yes,down,1.48,0.68,0.44,7.78,2.46,1.97,0.866666666667,4.07
EVM0026690,,-,64.1738517428,6.0039136719,0.000471633677533,0.0225610349798,yes,up,6.36,1.62,2.34,0,0.13,0,3.44,0.0433333333333
EVM0026720,,-,4.15748155751,2.05570986376,0.00140298700502,0.0459549245511,yes,up,77.77,51.62,26.41,13.28,14.3,3.3,51.9333333333,10.2933333333
EVM0026742,,-,0.0873338729131,-3.51731487033,3.36608025507E-7,0.000124268030943,yes,down,134.2,357.12,460.98,1082.9,4556.44,3712.68,317.433333333,3117.34
EVM0026881,,-,0.0337599687633,-4.8885426206,1.05869659832E-11,3.42615393149E-8,yes,down,14.61,40.34,29.08,191.67,834.63,1132.69,28.01,719.663333333
EVM0026931,,-,0.187472396705,-2.41524990498,0.00163989872006,0.0498314517729,yes,down,27.82,9.98,13.56,32.3,20.85,166.95,17.12,73.3666666667
EVM0027011,,-,0.0875897509053,-3.51309412341,5.53153323158E-6,0.00109076797536,yes,down,3.7,0.79,0.87,13.6,28.15,5.99,1.78666666667,15.9133333333
EVM0027015,,-,5.99387014692,2.58348782919,0.00125571770625,0.0436025068774,yes,up,17.6,27.38,19.03,0.34,2.67,5.82,21.3366666667,2.94333333333
EVM0027120,,-,8.97895602197,3.1665477134,0.001231838625,0.0431436813661,yes,up,3.17,0.86,5.54,0.39,0.1,0.36,3.19,0.283333333333
EVM0027178,,-,0.253494427864,-1.97997405962,3.45700778423E-6,0.00075591679671,yes,down,150.67,142.33,160.35,394.57,568.06,540.18,151.116666667,500.936666667
EVM0027361,,-,3.912387193,1.968049155,0.000100759721612,0.00842130999089,yes,up,19.16,17.48,16.98,2.69,3.89,4.81,17.8733333333,3.79666666667
EVM0027508,,-,8.40133198669,3.07061807768,8.51756367003E-5,0.00737019774036,yes,up,12.24,15.21,50.02,2.62,1.58,3.79,25.8233333333,2.66333333333
EVM0027515,,-,0.288100345095,-1.79535670629,0.00127135367767,0.0437697316135,yes,down,66.98,34.76,35.73,209.34,127.75,58.8,45.8233333333,131.963333333
EVM0027523,,-,20.884868573,4.38438615964,8.30841061488E-7,0.000253657343697,yes,up,211.25,75.84,161.22,0.43,1.9,14.61,149.436666667,5.64666666667
EVM0027535,,-,0.289374568461,-1.78898995798,0.000875981272028,0.0346817113122,yes,down,14.81,17.23,18.94,76.07,49.71,26.4,16.9933333333,50.7266666667
EVM0027579,,-,0.377942769442,-1.40376030619,0.000418625688088,0.0210365908663,yes,down,87.35,68.53,76.43,183.6,140.78,188.92,77.4366666667,171.1
EVM0027617,,-,0.210505917182,-2.24806730782,0.00140997353727,0.0459975439648,yes,down,3.29,2.73,1.83,15.99,12.81,2.3,2.61666666667,10.3666666667
EVM0027626,,-,6.24550994744,2.64281937305,1.34370338276E-9,1.27896849626E-6,yes,up,1441.56,1244.15,764.62,187.17,146.43,135.38,1150.11,156.326666667
EVM0027646,,-,0.15312793569,-2.7071905919,0.000191193264808,0.0128904092411,yes,down,35.23,14.87,18.83,232.18,134.85,25.57,22.9766666667,130.866666667
EVM0027762,,-,4.87536127665,2.28550913019,0.00010524216137,0.00865717086108,yes,up,88.8,162.52,154.32,20.63,10.84,39.01,135.213333333,23.4933333333
EVM0027788,,-,0.118599168373,-3.07583420127,0.000154242214566,0.0112423120446,yes,down,1.23,0.81,1.03,3.12,4.47,13.58,1.02333333333,7.05666666667
EVM0027805,,-,3.8004050267,1.92615318142,0.000744797724724,0.0305877461517,yes,up,10.11,9,19,3.56,1.98,2.95,12.7033333333,2.83
EVM0027843,,-,0.00617100771708,-7.34027818593,0.000705078256241,0.0291786988855,yes,down,0.45,0,0,0.36,13.51,28.32,0.15,14.0633333333
EVM0027855,,-,0.270890834262,-1.88421651489,0.000406347612911,0.0207416742098,yes,down,11.84,10.21,13.59,46.96,46.67,16.6,11.88,36.7433333333
EVM0027866,,-,0.29840964762,-1.74463391604,0.000551258971979,0.0247775595155,yes,down,4.02,3.67,4.7,16.16,11.54,7.33,4.13,11.6766666667
EVM0027887,,-,59.3684026671,5.89162339217,0.00160976677722,0.0494220431628,yes,up,0.22,2.93,2.3,0,0,0,1.81666666667,0
EVM0027888,,-,0.0905991799481,-3.46435819789,1.78630622115E-5,0.00236919843971,yes,down,0.82,2.42,2.59,10.02,38.69,6.95,1.94333333333,18.5533333333
EVM0027931,,-,0.232616136866,-2.10397691308,3.87039521549E-5,0.00426033095114,yes,down,64.76,46.29,44.94,124.53,286.84,139.7,51.9966666667,183.69
EVM0027989,,-,0.221814304786,-2.1725756871,0.000390805268127,0.0203331834198,yes,down,84.89,54.62,34.34,93.7,176.61,365.62,57.95,211.976666667
EVM0028024,,-,107.19435599,6.74408513661,1.33438112299E-5,0.00191076291603,yes,up,0.59,1.25,1.13,0,0,0,0.99,0
EVM0028027,,-,0.360724586507,-1.47103033624,0.00053023934512,0.0241005697848,yes,down,185.06,196.68,169.97,329.52,497.24,441.75,183.903333333,422.836666667
EVM0028042,,-,5.94283586418,2.57115153555,0.000520161888952,0.0237761003535,yes,up,56.85,105.33,61.32,3.19,5.56,22.83,74.5,10.5266666667
EVM0028064,,-,0.100198247512,-3.31907081916,3.28122361368E-5,0.00373897741499,yes,down,4.62,2.16,2.47,39.5,34.07,2.43,3.08333333333,25.3333333333
EVM0028073,,-,5.0716552155,2.3424566706,0.00049870987256,0.0233226140112,yes,up,21.33,60.28,45.89,6.94,2.88,11.86,42.5,7.22666666667
EVM0028101,,-,0.192569965573,-2.37654538598,0.0014889003011,0.0477067243013,yes,down,4.33,1.99,3.36,18.87,20.45,2.1,3.22666666667,13.8066666667
EVM0028187,,-,0.0518887131594,-4.2684354323,0.00156877828665,0.0488161566468,yes,down,0,0.19,0.09,0.24,1.4,3.31,0.0933333333333,1.65
EVM0028222,,-,37.9983214438,5.24786378455,3.66146574566E-9,2.96230886153E-6,yes,up,62.55,27.78,6.17,1,1,0.07,32.1666666667,0.69
EVM0028265,,-,5.42143596367,2.43867502562,0.000283202359504,0.0163660620683,yes,up,5.31,5.13,9.14,1.34,0.47,1.2,6.52666666667,1.00333333333
EVM0028294,,-,0.154953228788,-2.69009527796,1.4431103236E-5,0.00203051896923,yes,down,4.18,3.94,3.24,23.17,31.52,6.19,3.78666666667,20.2933333333
